id,submitdate,SEB1[SEB1],SEB1[SEB2],SEB1[SEB3],SEB1[SEB4],SEB1[SEB5],studie,study_id,condition,G3Q00002,G3Q00003,G3Q00004[EXP1],G3Q00004[EXP2],G3Q00004[EXP3],G3Q00004[EXP4],G3Q00004[EXP5],EXERCISING[SQ001],Beruf1,Beruf,NEOFFI[NEURO6],NEOFFI[NEURO11],NEOFFI[NEURO21],NEOFFI[NEURO26],NEOFFI[NEURO41],NEOFFI[NEURO51],NEOFFI[EXTRA2],NEOFFI[EXTRA7],NEOFFI[EXTRA22],NEOFFI[EXTRA32],NEOFFI[EXTRA37],NEOFFI[EXTRA52],NEOFFI[OPEN8],NEOFFI[OPEN13],NEOFFI[OPEN23],NEOFFI[OPEN43],NEOFFI[OPEN48],NEOFFI[OPEN58],NEOFFI[AGREE9],NEOFFI[AGRE14],NEOFFI[AGRE24],NEOFFI[AGRE39],NEOFFI[AGRE49],NEOFFI[AGRE59],NEOFFI[CONSCIE5],NEOFFI[CONSCIE10],NEOFFI[CONSCIE20],NEOFFI[CONSCIE40],NEOFFI[CONSCIE50],NEOFFI[CONSCIE55],PAES[SQ001],PAES[SQ002],PAES[SQ003],PAES[SQ004],PAES[SQ005],PAES[SQ006],PAES[SQ007],PAES[SQ008],PAES[SQ009],PAES[SQ010],PAES[SQ011],PAES[SQ012],PAES[SQ013],PAES[SQ014],PAES[SQ015],PAES[SQ016],PAES[SQ017],SUS[SUS001],SUS[SUS002],SUS[SUS003],SUS[SUS005],SUS[SUS006],SUS[SUS008],SUS[SUS009],SUS[SUS010],SUS[SUS011],SUS[SUS012],INFOQUALEXERCISES[SQ001],INFOQUALEXERCISES[SQ002],INFOQUALEXERCISES[SQ003],INFOQUALCOMPARISONS[INFOQUALCOMP1],INFOQUALCOMPARISONS[INFOQUALCOMP2],INFOQUALCOMPARISONS[INFOQUALCOMP3],INFOQUALCOMPARISONS[INFOQUALCOMP4],INFOQUALCOMPARISONS[INFOQUALCOMP56],LP[LP1],LP[LP2],LP[LP3],LP[LP4],NLP[1],NLP[2],NLP[3],NLP[4],NLP[5],INFL[SQ001],INFL[SQ002],INFL[SQ004],INFL[SQ005],INFL[SQ006],INFL[SQ007],TP[SQ001],TP[SQ002],TP[SQ003],TP[SQ004],TP[SQ005],USAGE[SQ001],USAGE[SQ002],USAGE[SQ003],ROLE[SQ001],ROLE[SQ002],ROLE[SQ003],ROLE[SQ004],ROLE[SQ005],ROLE[SQ006],ROLE[SQ007],ROLE[SQ008],ROLE[SQ009],ROLE[SQ010],ROLE[other],G2Q00001[A2],G2Q00001[A3],G2Q00001[A4B4],G2Q00001[A5],G2Q00001[A1],G2Q00001[B1],G2Q00001[B2],G2Q00001[B3],G2Q00001[B5],G2Q00001[B6],G2Q00001[C1],G2Q00001[C2],G2Q00001[C3],G2Q00001[C4],G2Q00001[C5],G2Q00001[D1],G2Q00001[D2],G2Q00001[D3],G2Q00001[D4],G2Q00001[D5],G2Q00001[E1],G2Q00001[E2],G2Q00001[E3],G2Q00001[X1],NARS[S21],NARS[S22],NARS[S31],NARS[S34],NARS[S32],NARS[S33],NARS[S12],NARS[S13],NARS[S14],NARS[S15],NARS[S23],NARS[S16],NARS[S24],NARS[S25],Coop[SQ001],Coop[SQ002],Coop[SQ003],ANTHRO[SQ001],ANTHRO[SQ002],ANTHRO[SQ003],ANTHRO[SQ004],ANTHRO[SQ005],ANTHRO[SQ006],ANTHRO[SQ007],ANTHRO[SQ008],ANTHRO[SQ009],Agency[SQ001],Agency[SQ002],Agency[SQ003],Agency[SQ004],Agency[SQ005],Agency[SQ006],Agency[SQ007],Agency[SQ008],Agency[SQ009],Agency[SQ010],Agency[SQ011],Agency[SQ012],ROSAS[warmth01],ROSAS[warmth002],ROSAS[warmth003],ROSAS[warmth004],ROSAS[warmth005],ROSAS[warmth006],ROSAS[competence001],ROSAS[competence002],ROSAS[competence003],ROSAS[competence004],ROSAS[competence005],ROSAS[discomfort001],ROSAS[discomfort002],ROSAS[discomfort003],ROSAS[discomfort004],ROSAS[discomfort005],ROSAS[discomfort006],WAI[WAI001],WAI[WAI002],WAI[WAI003],WAI[WAI004],WAI[WAI005],WAI[WAI006],WAI[WAI007],WAI[WAI008],WAI[WAI009],WAI[WAI010],WAI[WAI011],WAI[WAI012],SEB1[SEB1],SEB1[SEB2],SEB1[SEB3],SEB1[SEB4],SEB1[SEB5],WDH,EMAIL,interviewtime,groupTime4945,SEB1Time,groupTime4946,studieTime,groupTime4575,G3Q00001Time,G3Q00002Time,G3Q00003Time,G3Q00004Time,EXERCISINGTime,Beruf1Time,BerufTime,NEOFFITime,groupTime4571,PAESTime,groupTime4573,SUSTime,groupTime4574,INFOQUALEXERCISESTime,INFOQUALCOMPARISONSTime,LPTime,NLPTime,groupTime4576,INFLTime,groupTime4587,TPTime,groupTime4578,USAGETime,ROLETime,groupTime4579,G2Q00001Time,groupTime4580,NARSTime,groupTime4581,CoopTime,groupTime4582,ANTHROTime,groupTime4583,AgencyTime,groupTime4585,ROSASTime,groupTime4586,WAITime,groupTime4947,SEB1Time,groupTime4948,WDHTime,EMAILTime,,,,,,,,,,,,,,,,,,,,,,,,,,,,,,,,,,,,,,,,,,,,,,,,,,,,,,,,,,,,,,,,,,,,,,,,,,,,,,,,,,,,,,,,,,,,,,,,,,,,,,,,,,,,,,,,,,,,,,,,,,,,,,,,,,,,,,,,,,,,,,,,,,,,,,,,,,,,,,,,,,,,,,,,,,,,,,,,,,,,,,,,,,,,,,,,,,,,,,,,,,,,,,,,,,,,,,,,,,,,,,,,,,,,,,,,,,,,,,,,,,,,,,,,,,,,,,,,,,,,,,,,,,,,,,,,,,,,,,,,,,,,,,,,,,,,,,,,,,,,,,,,,,,,,,,,,,,,,,,,,,,,,,,,,,,,,,,,,,,,,,,,,,,,,,,,,,,,,,,,,,,,,,,,,,,,,,,,,,,,,,,,,,,,,,,,,,,,,,,,,,,,,,,,,,,,,,,,,,,,,,,,,,,,,,,,,,,,,,,,,,,,,,,,,,,,,,,,,,,,,,,,,,,,,,,,,,,,,,,,,,,,,,,,,,,,,,,,,,,,,,,,,,,,,,,,,,,,,,,,,,,,,,,,,,,,,,,,,,,,,,,,,,,,,,,,,,,,,,,,,,,,,,,,,,,,,,,,,,,,,,,,,,,,,,,,,,,,,,,,,,,,,,,,,,,,,,,,,,,,,,,,,,,,,,,,,,,,,,,,,,,,,,,,,,,,,,,,,,,,,,,,,,,,,,,,,,,,,,,,,,,,,,,,,,,,,,,,,,,,,,,,,,,,,,,,,,,,,,,,,,,,,,,,,,,,,,,,,,,,,,,,,,
1,2017-09-19 09:05:46,1,3,3,2,5,Y,pl_a_1,adaptability,M,29,5,4,2,2,2,6,A2,Sportwissenschaften,2,4,2,2,3,2,4,4,2,3,3,5,2,4,3,2,2,4,2,2,2,1,5,2,4,4,4,5,4,2,2,4,4,2,2,4,2,4,2,2,2,5,2,2,4,2,3,2,4,2,2,4,4,2,2,5,2,1,1,2,3,3,3,3,3,3,2,2,2,Taiji,Kardio,Kraft,Dehnung,Entspannung,1,1,1,1,3,3,4,2,2,2,4,2,2,2,Y,,,,,,Y,,Y,,,2,2,2,2,3,4,4,2,4,4,4,4,4,4,5,4,4,4,3,3,4,4,3,4,2,2,5,4,4,2,2,2,2,2,1,2,1,1,2,4,2,2,6,4,1,1,5,2,6,3,6,6,6,6,5,5,6,5,4,6,6,4,6,3,4,2,2,2,4,7,7,8,3,2,3,2,2,1,1,2,1,1,3,2,2,2,2,1,3,2,4,1,3,3,2,5,Y,2371.34,26.9,,1301.68,,225.86,,,,,,,,,55.61,,56.67,,162.5,,,,,34.8,,23.82,,32.65,,,62.31,,80.83,,15.74,,32.25,,60.18,,30.73,,41.33,,71.16,,17.72,,38.6,,1,2017-09-19 09:05:46,19,de,2017-09-19 08:12:39,2017-09-19 09:05:46,A1,A3,A3,A2,A5,Y,pl_a_1,M,29,5,4,2,2,2,6,A2,Sportwissenschaften,2,4,2,2,3,2,4,4,2,3,3,5,2,4,3,2,2,4,2,2,2,1,5,2,4,4,4,5,4,2,A2,A4,A4,A2,A2,A4,A2,A4,A2,A2,A2,A5,A2,A2,A4,A2,A3,2,4,2,2,4,4,2,2,5,2,1,1,2,3,3,3,3,3,3,2,2,2,A2,A1,A3,A5,A4,1,1,1,1,3,3,A4,A2,A2,A2,A4,A2,A2,A2,Y,,,,,,Y,,Y,,,2,2,2,2,3,4,4,2,4,4,4,4,4,4,5,4,4,4,3,3,4,4,3,4,2,2,5,4,4,2,2,2,2,2,1,2,1,1,A2,A4,A2,A2,A6,A4,A1,A1,A5,A2,A6,A3,A6,A6,A6,A6,A5,A5,A6,A5,A4,A6,A6,A4,A6,A3,A4,A1,A2,A1,A1,A1,A2,A1,A2,A3,A2,A2,A2,A4,A7,A7,A8,A3,A2,A3,A2,A2,A1,A1,A2,A1,A1,A3,A2,A2,A2,A2,A1,A3,A2,A4,A1,A3,A3,A2,A5,Y,2371.34,26.9,,1301.68,,225.86,,,,,,,,,55.61,,56.67,,162.5,,,,,34.8,,23.82,,32.65,,,62.31,,80.83,,15.74,,32.25,,60.18,,30.73,,41.33,,71.16,,17.72,,38.6,,1,2017-09-19 09:05:46,19,de,2017-09-19 08:12:39,2017-09-19 09:05:46,A1,A3,A3,A2,A5,Y,pl_a_1,M,29,5,4,2,2,2,6,A2,Sportwissenschaften,2,4,2,2,3,2,4,4,2,3,3,5,2,4,3,2,2,4,2,2,2,1,5,2,4,4,4,5,4,2,A2,A4,A4,A2,A2,A4,A2,A4,A2,A2,A2,A5,A2,A2,A4,A2,A3,2,4,2,2,4,4,2,2,5,2,1,1,2,3,3,3,3,3,3,2,2,2,A2,A1,A3,A5,A4,1,1,1,1,3,3,A4,A2,A2,A2,A4,A2,A2,A2,Y,,,,,,Y,,Y,,,2,2,2,2,3,4,4,2,4,4,4,4,4,4,5,4,4,4,3,3,4,4,3,4,2,2,5,4,4,2,2,2,2,2,1,2,1,1,A2,A4,A2,A2,A6,A4,A1,A1,A5,A2,A6,A3,A6,A6,A6,A6,A5,A5,A6,A5,A4,A6,A6,A4,A6,A3,A4,A1,A2,A1,A1,A1,A2,A1,A2,A3,A2,A2,A2,A4,A7,A7,A8,A3,A2,A3,A2,A2,A1,A1,A2,A1,A1,A3,A2,A2,A2,A2,A1,A3,A2,A4,A1,A3,A3,A2,A5,Y,2371.34,26.9,,1301.68,,225.86,,,,,,,,,55.61,,56.67,,162.5,,,,,34.8,,23.82,,32.65,,,62.31,,80.83,,15.74,,32.25,,60.18,,30.73,,41.33,,71.16,,17.72,,38.6,,1,2017-09-19 09:05:46,19,de,2017-09-19 08:12:39,2017-09-19 09:05:46,A1,A3,A3,A2,A5,Y,pl_a_1,M,29,5,4,2,2,2,6,A2,Sportwissenschaften,2,4,2,2,3,2,4,4,2,3,3,5,2,4,3,2,2,4,2,2,2,1,5,2,4,4,4,5,4,2,A2,A4,A4,A2,A2,A4,A2,A4,A2,A2,A2,A5,A2,A2,A4,A2,A3,2,4,2,2,4,4,2,2,5,2,1,1,2,3,3,3,3,3,3,2,2,2,A2,A1,A3,A5,A4,1,1,1,1,3,3,A4,A2,A2,A2,A4,A2,A2,A2,Y,,,,,,Y,,Y,,,2,2,2,2,3,4,4,2,4,4,4,4,4,4,5,4,4,4,3,3,4,4,3,4,2,2,5,4,4,2,2,2,2,2,1,2,1,1,A2,A4,A2,A2,A6,A4,A1,A1,A5,A2,A6,A3,A6,A6,A6,A6,A5,A5,A6,A5,A4,A6,A6,A4,A6,A3,A4,A1,A2,A1
21,2017-10-20 12:20:15,2,3,3,1,3,Y,pl_a_10,adaptability,M,28,5,2,1,1,1,2,A2,,3,3,4,2,4,3,2,3,2,2,3,3,1,4,2,3,2,4,3,3,3,2,4,2,4,3,4,4,3,1,3,4,4,2,3,4,2,4,2,2,2,5,3,2,4,2,3,2,4,2,2,4,4,3,2,5,3,4,4,3,3,4,4,2,4,3,2,2,2,Kraft,Entspannung,Kardio,Taiji,Dehnung,4,3,4,4,3,3,1,3,3,3,3,4,4,4,,,,,,,Y,,,,,2,1,2,3,2,2,2,1,2,3,3,3,4,4,3,3,3,3,3,3,4,4,3,3,2,4,2,2,1,2,4,2,2,2,3,3,2,2,4,1,4,5,5,1,1,5,5,1,5,2,6,7,7,6,7,6,7,7,4,7,7,7,2,1,1,1,2,1,2,6,3,2,2,1,1,1,1,1,1,3,2,1,1,1,1,1,1,1,2,1,2,2,3,3,1,3,Y,Alex.Meininger@googlemail.com,4180.75,35.17,,2465.05,,299.04,,,,,,,,,128.11,,69.44,,261.04,,,,,43.31,,92.26,,30.44,,,125.51,,96.5,,20.12,,28.09,,77.63,,78.39,,79.46,,14.84,,236.35,,,,,,,,,,,,,,,,,,,,,,,,,,,,,,,,,,,,,,,,,,,,,,,,,,,,,,,,,,,,,,,,,,,,,,,,,,,,,,,,,,,,,,,,,,,,,,,,,,,,,,,,,,,,,,,,,,,,,,,,,,,,,,,,,,,,,,,,,,,,,,,,,,,,,,,,,,,,,,,,,,,,,,,,,,,,,,,,,,,,,,,,,,,,,,,,,,,,,,,,,,,,,,,,,,,,,,,,,,,,,,,,,,,,,,,,,,,,,,,,,,,,,,,,,,,,,,,,,,,,,,,,,,,,,,,,,,,,,,,,,,,,,,,,,,,,,,,,,,,,,,,,,,,,,,,,,,,,,,,,,,,,,,,,,,,,,,,,,,,,,,,,,,,,,,,,,,,,,,,,,,,,,,,,,,,,,,,,,,,,,,,,,,,,,,,,,,,,,,,,,,,,,,,,,,,,,,,,,,,,,,,,,,,,,,,,,,,,,,,,,,,,,,,,,,,,,,,,,,,,,,,,,,,,,,,,,,,,,,,,,,,,,,,,,,,,,,,,,,,,,,,,,,,,,,,,,,,,,,,,,,,,,,,,,,,,,,,,,,,,,,,,,,,,,,,,,,,,,,,,,,,,,,,,,,,,,,,,,,,,,,,,,,,,,,,,,,,,,,,,,,,,,,,,,,,,,,,,,,,,,,,,,,,,,,,,,,,,,,,,,,,,,,,,,,,,,,,,,,,,,,,,,,,,,,,,,,,,,,,,,,,,,,,,,,,,,,,,,,,,,,,,,,,,,,,,,,,,,,,,,,,,,,,,,,,,,,,,,,,,,,,,,,,,
23,2017-10-20 15:05:52,2,4,4,1,3,Y,pl_a_11,adaptability,F,20,5,3,1,1,1,6,A2,International Management,3,4,2,1,2,1,4,5,1,5,5,5,2,4,2,3,2,1,1,1,1,3,5,1,2,2,4,4,4,3,4,2,2,3,4,3,5,3,3,1,4,5,2,1,3,2,4,5,5,3,3,2,5,4,4,3,2,5,3,2,5,5,4,3,2,3,3,5,5,Kardio,Kraft,Taiji,Dehnung,Entspannung,5,3,4,4,3,2,1,5,4,2,5,1,2,2,Y,Y,,,Y,,,,Y,,,1,3,2,1,1,3,3,1,4,3,5,5,5,5,5,2,3,3,3,3,4,5,2,4,2,2,3,1,1,2,2,1,3,2,3,2,4,4,2,1,3,2,6,2,1,1,5,1,7,2,4,4,7,2,5,5,5,3,4,5,4,6,9,7,9,1,6,4,5,3,6,4,7,1,3,1,2,1,1,4,3,4,1,5,2,2,2,1,1,1,1,2,4,4,1,4,N,,3570.83,29.83,,2051.96,,298.11,,,,,,,,,129.54,,131.3,,172.72,,,,,42.39,,38.68,,55.14,,,83.58,,156.71,,20.83,,40.01,,130.13,,58.83,,104.49,,16.44,,10.14,,,,,,,,,,,,,,,,,,,,,,,,,,,,,,,,,,,,,,,,,,,,,,,,,,,,,,,,,,,,,,,,,,,,,,,,,,,,,,,,,,,,,,,,,,,,,,,,,,,,,,,,,,,,,,,,,,,,,,,,,,,,,,,,,,,,,,,,,,,,,,,,,,,,,,,,,,,,,,,,,,,,,,,,,,,,,,,,,,,,,,,,,,,,,,,,,,,,,,,,,,,,,,,,,,,,,,,,,,,,,,,,,,,,,,,,,,,,,,,,,,,,,,,,,,,,,,,,,,,,,,,,,,,,,,,,,,,,,,,,,,,,,,,,,,,,,,,,,,,,,,,,,,,,,,,,,,,,,,,,,,,,,,,,,,,,,,,,,,,,,,,,,,,,,,,,,,,,,,,,,,,,,,,,,,,,,,,,,,,,,,,,,,,,,,,,,,,,,,,,,,,,,,,,,,,,,,,,,,,,,,,,,,,,,,,,,,,,,,,,,,,,,,,,,,,,,,,,,,,,,,,,,,,,,,,,,,,,,,,,,,,,,,,,,,,,,,,,,,,,,,,,,,,,,,,,,,,,,,,,,,,,,,,,,,,,,,,,,,,,,,,,,,,,,,,,,,,,,,,,,,,,,,,,,,,,,,,,,,,,,,,,,,,,,,,,,,,,,,,,,,,,,,,,,,,,,,,,,,,,,,,,,,,,,,,,,,,,,,,,,,,,,,,,,,,,,,,,,,,,,,,,,,,,,,,,,,,,,,,,,,,,,,,,,,,,,,,,,,,,,,,,,,,,,,,,,,,,,,,,,,,,,,,,,,,,,,,,,,,,,,,,,,,,
25,2017-10-24 09:04:48,1,4,3,1,4,Y,pl_a_12,adaptability,M,21,4,2,1,2,1,5,A2,Sportwissenschaft,2,4,2,2,1,4,3,4,4,2,4,4,2,2,4,1,1,4,2,1,1,1,5,1,4,4,5,5,4,2,2,4,4,3,4,4,3,4,2,3,3,5,1,2,3,2,4,3,5,2,2,4,5,2,2,5,3,4,4,4,3,3,3,3,4,2,4,3,4,Kardio,Entspannung,Dehnung,Kraft,Taiji,5,5,4,4,3,5,1,5,4,4,4,3,2,3,,,Y,,Y,,,,,,,3,2,4,2,3,4,3,2,5,5,5,5,5,4,5,4,4,3,4,4,5,5,3,4,2,2,5,3,3,2,3,2,2,2,4,2,3,1,4,2,4,3,6,2,1,5,3,1,6,3,2,6,7,4,7,3,7,3,5,6,6,6,7,5,6,3,6,3,8,7,7,5,6,1,6,1,1,1,1,3,4,4,2,4,3,4,2,2,1,2,2,1,4,3,1,4,N,,3532.24,46.66,,2050.52,,344.27,,,,,,,,,113.65,,91.57,,175.39,,,,,37.93,,46.08,,57.83,,,123.4,,92.06,,15.91,,38.39,,90.49,,61.49,,115.6,,15.7,,15.3,,,,,,,,,,,,,,,,,,,,,,,,,,,,,,,,,,,,,,,,,,,,,,,,,,,,,,,,,,,,,,,,,,,,,,,,,,,,,,,,,,,,,,,,,,,,,,,,,,,,,,,,,,,,,,,,,,,,,,,,,,,,,,,,,,,,,,,,,,,,,,,,,,,,,,,,,,,,,,,,,,,,,,,,,,,,,,,,,,,,,,,,,,,,,,,,,,,,,,,,,,,,,,,,,,,,,,,,,,,,,,,,,,,,,,,,,,,,,,,,,,,,,,,,,,,,,,,,,,,,,,,,,,,,,,,,,,,,,,,,,,,,,,,,,,,,,,,,,,,,,,,,,,,,,,,,,,,,,,,,,,,,,,,,,,,,,,,,,,,,,,,,,,,,,,,,,,,,,,,,,,,,,,,,,,,,,,,,,,,,,,,,,,,,,,,,,,,,,,,,,,,,,,,,,,,,,,,,,,,,,,,,,,,,,,,,,,,,,,,,,,,,,,,,,,,,,,,,,,,,,,,,,,,,,,,,,,,,,,,,,,,,,,,,,,,,,,,,,,,,,,,,,,,,,,,,,,,,,,,,,,,,,,,,,,,,,,,,,,,,,,,,,,,,,,,,,,,,,,,,,,,,,,,,,,,,,,,,,,,,,,,,,,,,,,,,,,,,,,,,,,,,,,,,,,,,,,,,,,,,,,,,,,,,,,,,,,,,,,,,,,,,,,,,,,,,,,,,,,,,,,,,,,,,,,,,,,,,,,,,,,,,,,,,,,,,,,,,,,,,,,,,,,,,,,,,,,,,,,,,,,,,,,,,,,,,,,,,,,,,,,,,,,,,
27,2017-10-25 17:50:06,3,3,5,1,4,Y,pl_a_13,adaptability,F,21,5,2,1,1,1,5,A2,Sportwissenschaften,2,3,2,1,2,2,4,4,2,4,4,4,4,5,3,4,2,3,2,2,4,2,4,3,3,2,4,5,3,1,2,4,5,4,3,4,2,4,2,1,2,5,2,1,2,2,1,3,5,1,3,2,4,4,2,5,3,4,5,3,4,4,4,2,3,2,4,4,4,Entspannung,Kraft,Dehnung,Taiji,,5,5,5,5,5,4,1,4,4,4,3,2,3,5,,Y,Y,,Y,,,,,,,2,3,2,2,2,4,4,1,4,4,4,4,4,4,4,3,4,3,4,3,3,2,3,4,2,4,3,1,1,5,3,1,4,1,2,5,1,2,4,3,4,6,5,1,1,3,5,1,7,1,7,7,7,3,7,1,7,7,7,6,7,7,6,1,1,1,1,1,6,7,7,5,7,2,7,2,1,1,1,2,2,1,2,1,3,1,1,1,3,3,2,4,3,5,1,4,N,,3597.13,31.25,,2402.94,,282.3,,,,,,,,,108.88,,89.06,,137.19,,,,,43.61,,24.05,,68.49,,,79.36,,63.27,,15.07,,40.55,,58.52,,51.37,,75.15,,14.8,,11.27,,,,,,,,,,,,,,,,,,,,,,,,,,,,,,,,,,,,,,,,,,,,,,,,,,,,,,,,,,,,,,,,,,,,,,,,,,,,,,,,,,,,,,,,,,,,,,,,,,,,,,,,,,,,,,,,,,,,,,,,,,,,,,,,,,,,,,,,,,,,,,,,,,,,,,,,,,,,,,,,,,,,,,,,,,,,,,,,,,,,,,,,,,,,,,,,,,,,,,,,,,,,,,,,,,,,,,,,,,,,,,,,,,,,,,,,,,,,,,,,,,,,,,,,,,,,,,,,,,,,,,,,,,,,,,,,,,,,,,,,,,,,,,,,,,,,,,,,,,,,,,,,,,,,,,,,,,,,,,,,,,,,,,,,,,,,,,,,,,,,,,,,,,,,,,,,,,,,,,,,,,,,,,,,,,,,,,,,,,,,,,,,,,,,,,,,,,,,,,,,,,,,,,,,,,,,,,,,,,,,,,,,,,,,,,,,,,,,,,,,,,,,,,,,,,,,,,,,,,,,,,,,,,,,,,,,,,,,,,,,,,,,,,,,,,,,,,,,,,,,,,,,,,,,,,,,,,,,,,,,,,,,,,,,,,,,,,,,,,,,,,,,,,,,,,,,,,,,,,,,,,,,,,,,,,,,,,,,,,,,,,,,,,,,,,,,,,,,,,,,,,,,,,,,,,,,,,,,,,,,,,,,,,,,,,,,,,,,,,,,,,,,,,,,,,,,,,,,,,,,,,,,,,,,,,,,,,,,,,,,,,,,,,,,,,,,,,,,,,,,,,,,,,,,,,,,,,,,,,,,,,,,,,,,,,,,,,,,,,,,,,,,,,,,
30,2017-10-26 16:32:59,1,4,5,1,4,Y,pl_a_14,adaptability,F,27,5,2,1,1,3,4,A2,Lehramt GHR,2,2,3,2,2,3,5,4,3,3,5,3,2,4,2,4,2,5,1,2,1,1,5,1,4,4,5,5,4,1,3,4,4,3,2,4,3,4,2,1,2,5,2,3,4,2,2,2,2,3,3,2,5,4,3,3,2,2,2,2,2,1,2,4,4,2,4,3,3,Entspannung,Kraft,Kardio,Dehnung,Taiji,4,4,5,4,4,4,1,4,4,3,2,3,4,5,,,Y,,Y,,,,,,,2,2,2,1,2,4,4,2,2,4,4,5,5,5,5,3,4,4,4,5,5,5,2,3,2,4,3,3,3,4,3,4,3,3,3,4,2,5,4,3,4,6,5,3,1,4,6,2,6,4,5,4,6,2,7,6,7,2,5,4,4,3,6,3,6,3,3,5,7,6,8,6,6,1,5,2,1,1,1,3,3,4,3,5,3,5,3,4,4,2,3,2,4,5,1,4,N,,1081.21,5.56,,3.22,,256.86,,,,,,,,,83.1,,43.39,,83.97,,,,,47.8,,32.62,,35.26,,,66.93,,97.15,,12.27,,36.2,,83.66,,101.35,,65.45,,14.66,,11.76,,,,,,,,,,,,,,,,,,,,,,,,,,,,,,,,,,,,,,,,,,,,,,,,,,,,,,,,,,,,,,,,,,,,,,,,,,,,,,,,,,,,,,,,,,,,,,,,,,,,,,,,,,,,,,,,,,,,,,,,,,,,,,,,,,,,,,,,,,,,,,,,,,,,,,,,,,,,,,,,,,,,,,,,,,,,,,,,,,,,,,,,,,,,,,,,,,,,,,,,,,,,,,,,,,,,,,,,,,,,,,,,,,,,,,,,,,,,,,,,,,,,,,,,,,,,,,,,,,,,,,,,,,,,,,,,,,,,,,,,,,,,,,,,,,,,,,,,,,,,,,,,,,,,,,,,,,,,,,,,,,,,,,,,,,,,,,,,,,,,,,,,,,,,,,,,,,,,,,,,,,,,,,,,,,,,,,,,,,,,,,,,,,,,,,,,,,,,,,,,,,,,,,,,,,,,,,,,,,,,,,,,,,,,,,,,,,,,,,,,,,,,,,,,,,,,,,,,,,,,,,,,,,,,,,,,,,,,,,,,,,,,,,,,,,,,,,,,,,,,,,,,,,,,,,,,,,,,,,,,,,,,,,,,,,,,,,,,,,,,,,,,,,,,,,,,,,,,,,,,,,,,,,,,,,,,,,,,,,,,,,,,,,,,,,,,,,,,,,,,,,,,,,,,,,,,,,,,,,,,,,,,,,,,,,,,,,,,,,,,,,,,,,,,,,,,,,,,,,,,,,,,,,,,,,,,,,,,,,,,,,,,,,,,,,,,,,,,,,,,,,,,,,,,,,,,,,,,,,,,,,,,,,,,,,,,,,,,,,,,,,,,,,,,
32,2017-10-27 10:33:27,1,4,3,1,3,Y,pl_a_15,adaptability,M,25,4,2,1,1,1,4,A1,Lehramt,1,2,3,1,2,1,5,4,4,4,5,4,4,2,4,1,3,2,1,1,2,2,4,2,4,3,5,5,4,2,2,4,4,1,3,3,3,4,2,2,3,5,2,2,3,2,3,4,4,2,3,3,5,2,3,5,3,2,2,3,3,3,3,3,3,1,1,1,1,Entspannung,Kraft,Dehnung,Kardio,Taiji,4,5,4,4,4,4,1,4,4,5,1,3,4,4,,,Y,,,Y,Y,,,,,3,2,3,3,3,2,4,2,4,4,4,5,4,4,5,2,3,3,3,4,5,5,2,4,2,4,2,2,1,3,2,2,3,2,3,2,2,1,4,4,4,6,6,2,1,6,5,3,6,1,6,7,6,5,6,2,6,6,2,6,2,7,8,3,2,1,3,2,7,7,6,7,3,3,2,5,1,1,1,2,3,2,4,2,2,2,4,1,4,2,4,2,4,4,1,4,N,,3581.27,36.6,,2299.07,,323.41,,,,,,,,,150.31,,92.2,,170.41,,,,,43.68,,21.87,,42.36,,,75.61,,71.4,,19.07,,33.19,,42.64,,67.37,,68.03,,13.45,,10.6,,,,,,,,,,,,,,,,,,,,,,,,,,,,,,,,,,,,,,,,,,,,,,,,,,,,,,,,,,,,,,,,,,,,,,,,,,,,,,,,,,,,,,,,,,,,,,,,,,,,,,,,,,,,,,,,,,,,,,,,,,,,,,,,,,,,,,,,,,,,,,,,,,,,,,,,,,,,,,,,,,,,,,,,,,,,,,,,,,,,,,,,,,,,,,,,,,,,,,,,,,,,,,,,,,,,,,,,,,,,,,,,,,,,,,,,,,,,,,,,,,,,,,,,,,,,,,,,,,,,,,,,,,,,,,,,,,,,,,,,,,,,,,,,,,,,,,,,,,,,,,,,,,,,,,,,,,,,,,,,,,,,,,,,,,,,,,,,,,,,,,,,,,,,,,,,,,,,,,,,,,,,,,,,,,,,,,,,,,,,,,,,,,,,,,,,,,,,,,,,,,,,,,,,,,,,,,,,,,,,,,,,,,,,,,,,,,,,,,,,,,,,,,,,,,,,,,,,,,,,,,,,,,,,,,,,,,,,,,,,,,,,,,,,,,,,,,,,,,,,,,,,,,,,,,,,,,,,,,,,,,,,,,,,,,,,,,,,,,,,,,,,,,,,,,,,,,,,,,,,,,,,,,,,,,,,,,,,,,,,,,,,,,,,,,,,,,,,,,,,,,,,,,,,,,,,,,,,,,,,,,,,,,,,,,,,,,,,,,,,,,,,,,,,,,,,,,,,,,,,,,,,,,,,,,,,,,,,,,,,,,,,,,,,,,,,,,,,,,,,,,,,,,,,,,,,,,,,,,,,,,,,,,,,,,,,,,,,,,,,,,,,,,,,
34,2017-10-27 15:16:47,3,3,3,1,3,Y,pl_a_16,adaptability,F,41,2,2,1,1,1,4,A1,Erziehungswissenschaft,2,3,4,1,4,3,4,5,4,4,4,4,1,4,3,2,1,1,3,4,3,2,4,2,5,5,4,5,4,2,3,2,3,3,4,2,4,3,3,2,3,3,3,3,3,3,2,5,4,1,2,4,5,4,3,4,4,4,4,2,2,4,2,1,2,3,1,1,1,Taiji,Kardio,Dehnung,Kraft,Entspannung,4,4,4,2,2,4,1,4,4,4,4,1,3,4,,,Y,,Y,,Y,,,,,4,2,3,2,4,3,4,3,4,3,5,5,5,5,5,3,3,1,4,1,3,5,3,4,2,5,5,5,5,5,5,4,3,1,1,1,2,1,4,1,5,5,5,1,1,5,5,1,7,1,7,7,7,3,7,3,7,7,7,7,3,7,7,1,1,1,1,1,5,9,8,1,6,1,3,1,1,1,1,1,1,1,2,1,1,2,1,1,1,1,1,2,4,2,1,4,N,,4358.81,91.86,,1995.5,,648.71,,,,,,,,,155.52,,156.2,,351.86,,,,,61.43,,49.34,,54.76,,,153.88,,163.13,,33.1,,65.33,,106.42,,89.36,,95.15,,33.79,,53.47,,,,,,,,,,,,,,,,,,,,,,,,,,,,,,,,,,,,,,,,,,,,,,,,,,,,,,,,,,,,,,,,,,,,,,,,,,,,,,,,,,,,,,,,,,,,,,,,,,,,,,,,,,,,,,,,,,,,,,,,,,,,,,,,,,,,,,,,,,,,,,,,,,,,,,,,,,,,,,,,,,,,,,,,,,,,,,,,,,,,,,,,,,,,,,,,,,,,,,,,,,,,,,,,,,,,,,,,,,,,,,,,,,,,,,,,,,,,,,,,,,,,,,,,,,,,,,,,,,,,,,,,,,,,,,,,,,,,,,,,,,,,,,,,,,,,,,,,,,,,,,,,,,,,,,,,,,,,,,,,,,,,,,,,,,,,,,,,,,,,,,,,,,,,,,,,,,,,,,,,,,,,,,,,,,,,,,,,,,,,,,,,,,,,,,,,,,,,,,,,,,,,,,,,,,,,,,,,,,,,,,,,,,,,,,,,,,,,,,,,,,,,,,,,,,,,,,,,,,,,,,,,,,,,,,,,,,,,,,,,,,,,,,,,,,,,,,,,,,,,,,,,,,,,,,,,,,,,,,,,,,,,,,,,,,,,,,,,,,,,,,,,,,,,,,,,,,,,,,,,,,,,,,,,,,,,,,,,,,,,,,,,,,,,,,,,,,,,,,,,,,,,,,,,,,,,,,,,,,,,,,,,,,,,,,,,,,,,,,,,,,,,,,,,,,,,,,,,,,,,,,,,,,,,,,,,,,,,,,,,,,,,,,,,,,,,,,,,,,,,,,,,,,,,,,,,,,,,,,,,,,,,,,,,,,,,,,,,,,,,,,,,,,,,
36,2017-11-02 17:07:19,2,4,4,1,3,Y,pl_a_17,adaptability,F,26,5,4,1,1,2,3,A2,Erziehungswissenschaft,2,2,2,2,1,2,3,4,3,4,5,4,1,4,2,5,1,4,1,1,2,1,4,2,5,2,4,4,4,1,4,4,4,1,3,4,2,5,2,2,3,4,2,1,4,2,4,2,5,2,2,4,4,3,1,5,4,4,4,2,3,3,2,1,3,3,2,2,2,Dehnung,Kraft,Kardio,Entspannung,Taiji,5,5,4,4,4,4,1,4,4,4,1,4,5,5,,,,,,,,,Y,,,2,4,2,2,2,4,4,2,4,3,5,5,5,5,5,3,3,3,4,4,5,5,3,5,1,2,2,2,2,3,4,4,4,1,3,1,1,2,4,1,4,7,5,2,2,2,6,2,6,5,4,5,7,2,6,2,7,7,4,5,7,3,5,2,5,2,2,2,8,2,8,6,7,2,6,1,2,1,1,1,1,3,2,3,2,4,2,3,1,3,4,2,4,4,1,3,N,,3339.06,20.55,,2376.14,,189.96,,,,,,,,,85.45,,52.91,,153.82,,,,,23.73,,20.37,,29.72,,,54.91,,73.7,,18.33,,27.86,,49.8,,59.16,,67.6,,21.17,,13.88,,,,,,,,,,,,,,,,,,,,,,,,,,,,,,,,,,,,,,,,,,,,,,,,,,,,,,,,,,,,,,,,,,,,,,,,,,,,,,,,,,,,,,,,,,,,,,,,,,,,,,,,,,,,,,,,,,,,,,,,,,,,,,,,,,,,,,,,,,,,,,,,,,,,,,,,,,,,,,,,,,,,,,,,,,,,,,,,,,,,,,,,,,,,,,,,,,,,,,,,,,,,,,,,,,,,,,,,,,,,,,,,,,,,,,,,,,,,,,,,,,,,,,,,,,,,,,,,,,,,,,,,,,,,,,,,,,,,,,,,,,,,,,,,,,,,,,,,,,,,,,,,,,,,,,,,,,,,,,,,,,,,,,,,,,,,,,,,,,,,,,,,,,,,,,,,,,,,,,,,,,,,,,,,,,,,,,,,,,,,,,,,,,,,,,,,,,,,,,,,,,,,,,,,,,,,,,,,,,,,,,,,,,,,,,,,,,,,,,,,,,,,,,,,,,,,,,,,,,,,,,,,,,,,,,,,,,,,,,,,,,,,,,,,,,,,,,,,,,,,,,,,,,,,,,,,,,,,,,,,,,,,,,,,,,,,,,,,,,,,,,,,,,,,,,,,,,,,,,,,,,,,,,,,,,,,,,,,,,,,,,,,,,,,,,,,,,,,,,,,,,,,,,,,,,,,,,,,,,,,,,,,,,,,,,,,,,,,,,,,,,,,,,,,,,,,,,,,,,,,,,,,,,,,,,,,,,,,,,,,,,,,,,,,,,,,,,,,,,,,,,,,,,,,,,,,,,,,,,,,,,,,,,,,,,,,,,,,,,,,,,,,,,,,
38,2017-11-07 14:08:53,2,3,5,1,1,,pl_a_18,adaptability,F,24,5,3,1,1,1,4,A2,Erziehungswissenschaften,1,2,2,1,1,1,5,4,5,5,4,5,1,5,1,5,1,5,1,1,2,1,4,1,5,4,5,5,5,1,3,5,4,2,3,4,2,4,2,1,3,5,3,1,3,3,2,2,5,1,3,3,5,2,1,5,5,2,2,2,4,4,4,1,1,4,3,1,1,Dehnung,Kraft,Taiji,Kardio,Entspannung,5,4,4,3,4,5,1,1,5,5,5,5,3,3,Y,,Y,,,,,,,,,3,3,4,1,1,4,4,1,3,3,5,5,5,5,5,3,3,3,3,3,5,5,3,3,1,1,3,2,2,1,2,1,1,1,1,1,1,1,5,4,4,6,6,1,1,6,6,6,3,1,7,5,7,5,7,3,7,7,7,7,5,7,6,1,4,1,3,3,2,1,5,1,5,1,1,1,1,1,1,1,1,1,1,3,1,1,1,1,1,1,2,1,5,5,1,1,N,,4054.08,27.05,,34.05,,2750.04,,,,,,,,,172.77,,102.54,,205.27,,,,,59.28,,60.22,,57.16,,,98.65,,112.65,,22.05,,47.08,,91.84,,56.53,,115.98,,16.99,,23.93,,,,,,,,,,,,,,,,,,,,,,,,,,,,,,,,,,,,,,,,,,,,,,,,,,,,,,,,,,,,,,,,,,,,,,,,,,,,,,,,,,,,,,,,,,,,,,,,,,,,,,,,,,,,,,,,,,,,,,,,,,,,,,,,,,,,,,,,,,,,,,,,,,,,,,,,,,,,,,,,,,,,,,,,,,,,,,,,,,,,,,,,,,,,,,,,,,,,,,,,,,,,,,,,,,,,,,,,,,,,,,,,,,,,,,,,,,,,,,,,,,,,,,,,,,,,,,,,,,,,,,,,,,,,,,,,,,,,,,,,,,,,,,,,,,,,,,,,,,,,,,,,,,,,,,,,,,,,,,,,,,,,,,,,,,,,,,,,,,,,,,,,,,,,,,,,,,,,,,,,,,,,,,,,,,,,,,,,,,,,,,,,,,,,,,,,,,,,,,,,,,,,,,,,,,,,,,,,,,,,,,,,,,,,,,,,,,,,,,,,,,,,,,,,,,,,,,,,,,,,,,,,,,,,,,,,,,,,,,,,,,,,,,,,,,,,,,,,,,,,,,,,,,,,,,,,,,,,,,,,,,,,,,,,,,,,,,,,,,,,,,,,,,,,,,,,,,,,,,,,,,,,,,,,,,,,,,,,,,,,,,,,,,,,,,,,,,,,,,,,,,,,,,,,,,,,,,,,,,,,,,,,,,,,,,,,,,,,,,,,,,,,,,,,,,,,,,,,,,,,,,,,,,,,,,,,,,,,,,,,,,,,,,,,,,,,,,,,,,,,,,,,,,,,,,,,,,,,,,,,,,,,,,,,,,,,,,,,,,,,,,,,,,,,
40,2017-11-08 13:06:12,1,3,3,1,3,Y,pl_a_19,adaptability,M,27,6,4,1,1,1,4,A2,Master Lehramt Sport/Mathematik HRSGe/ISP,4,4,4,4,4,4,3,2,2,3,2,3,4,2,5,1,4,2,2,3,4,2,4,2,3,2,3,4,3,2,3,1,2,4,3,2,2,2,3,4,4,2,3,2,2,4,4,2,4,1,1,4,4,2,4,4,4,4,4,4,4,4,4,1,4,3,4,4,4,Dehnung,Kardio,Kraft,Taiji,Entspannung,4,4,4,4,4,4,2,2,2,2,4,3,4,4,,,Y,,,,,,,,,2,2,2,2,2,3,4,2,2,4,5,5,5,5,5,5,3,2,3,3,4,4,3,3,4,3,2,2,2,4,3,3,4,3,2,4,4,2,2,2,4,6,5,1,1,1,6,1,6,1,6,6,6,2,6,6,6,6,6,6,6,4,8,2,2,5,2,2,5,5,8,7,2,5,9,8,8,5,2,2,1,1,1,1,2,1,1,1,1,1,3,2,3,3,1,3,N,,3437.59,22.49,,2382.24,,258.18,,,,,,,,,68.11,,107.15,,86.38,,,,,18.16,,20.18,,31.52,,,67.17,,91.75,,31.93,,28.13,,80.3,,47.95,,65.6,,20.3,,10.05,,,,,,,,,,,,,,,,,,,,,,,,,,,,,,,,,,,,,,,,,,,,,,,,,,,,,,,,,,,,,,,,,,,,,,,,,,,,,,,,,,,,,,,,,,,,,,,,,,,,,,,,,,,,,,,,,,,,,,,,,,,,,,,,,,,,,,,,,,,,,,,,,,,,,,,,,,,,,,,,,,,,,,,,,,,,,,,,,,,,,,,,,,,,,,,,,,,,,,,,,,,,,,,,,,,,,,,,,,,,,,,,,,,,,,,,,,,,,,,,,,,,,,,,,,,,,,,,,,,,,,,,,,,,,,,,,,,,,,,,,,,,,,,,,,,,,,,,,,,,,,,,,,,,,,,,,,,,,,,,,,,,,,,,,,,,,,,,,,,,,,,,,,,,,,,,,,,,,,,,,,,,,,,,,,,,,,,,,,,,,,,,,,,,,,,,,,,,,,,,,,,,,,,,,,,,,,,,,,,,,,,,,,,,,,,,,,,,,,,,,,,,,,,,,,,,,,,,,,,,,,,,,,,,,,,,,,,,,,,,,,,,,,,,,,,,,,,,,,,,,,,,,,,,,,,,,,,,,,,,,,,,,,,,,,,,,,,,,,,,,,,,,,,,,,,,,,,,,,,,,,,,,,,,,,,,,,,,,,,,,,,,,,,,,,,,,,,,,,,,,,,,,,,,,,,,,,,,,,,,,,,,,,,,,,,,,,,,,,,,,,,,,,,,,,,,,,,,,,,,,,,,,,,,,,,,,,,,,,,,,,,,,,,,,,,,,,,,,,,,,,,,,,,,,,,,,,,,,,,,,,,,,,,,,,,,,,,,,,,,,,,,,,,,
2,2017-09-20 11:51:13,3,3,4,1,2,Y,pl_a_2,adaptability,F,22,4,2,1,1,1,4,A2,Lehramt,2,4,3,2,3,2,4,4,1,3,4,4,2,4,2,4,2,4,2,1,2,1,4,2,3,4,4,5,2,2,2,4,5,2,2,5,2,4,2,1,2,3,2,1,4,2,5,4,3,3,3,2,3,1,4,4,2,4,3,2,4,3,3,2,4,3,4,2,2,Kraft,Kardio,Dehnung,Entspannung,Taiji,4,4,4,4,4,3,2,4,5,4,4,2,3,4,Y,,Y,,Y,Y,,,,,,2,3,2,2,1,4,4,2,2,3,5,5,5,5,5,3,3,3,4,4,5,5,3,3,2,2,4,4,4,3,2,3,2,4,3,2,2,1,3,2,3,6,5,3,1,3,6,3,7,3,1,1,1,2,1,1,1,5,1,1,1,1,6,1,2,1,1,1,5,3,6,4,3,3,5,2,1,1,1,1,1,1,1,1,1,1,1,1,3,1,2,3,3,4,1,3,N,,3224.86,21.31,,2340.04,,218.55,,,,,,,,,70.6,,60.7,,76.61,,,,,24.94,,24.99,,26.4,,,61.55,,75.43,,13.14,,29.28,,45.39,,48.11,,60.82,,15.68,,11.32,,,,,,,,,,,,,,,,,,,,,,,,,,,,,,,,,,,,,,,,,,,,,,,,,,,,,,,,,,,,,,,,,,,,,,,,,,,,,,,,,,,,,,,,,,,,,,,,,,,,,,,,,,,,,,,,,,,,,,,,,,,,,,,,,,,,,,,,,,,,,,,,,,,,,,,,,,,,,,,,,,,,,,,,,,,,,,,,,,,,,,,,,,,,,,,,,,,,,,,,,,,,,,,,,,,,,,,,,,,,,,,,,,,,,,,,,,,,,,,,,,,,,,,,,,,,,,,,,,,,,,,,,,,,,,,,,,,,,,,,,,,,,,,,,,,,,,,,,,,,,,,,,,,,,,,,,,,,,,,,,,,,,,,,,,,,,,,,,,,,,,,,,,,,,,,,,,,,,,,,,,,,,,,,,,,,,,,,,,,,,,,,,,,,,,,,,,,,,,,,,,,,,,,,,,,,,,,,,,,,,,,,,,,,,,,,,,,,,,,,,,,,,,,,,,,,,,,,,,,,,,,,,,,,,,,,,,,,,,,,,,,,,,,,,,,,,,,,,,,,,,,,,,,,,,,,,,,,,,,,,,,,,,,,,,,,,,,,,,,,,,,,,,,,,,,,,,,,,,,,,,,,,,,,,,,,,,,,,,,,,,,,,,,,,,,,,,,,,,,,,,,,,,,,,,,,,,,,,,,,,,,,,,,,,,,,,,,,,,,,,,,,,,,,,,,,,,,,,,,,,,,,,,,,,,,,,,,,,,,,,,,,,,,,,,,,,,,,,,,,,,,,,,,,,,,,,,,,,,,,,,,,,,,,,,,,,,,,,,,,,,,,,,,,
41,2017-11-08 15:52:51,2,4,4,1,4,Y,pl_a_20,adaptability,F,19,4,4,1,1,1,6,A2,,2,3,2,1,2,1,5,5,4,3,5,5,5,3,3,2,3,3,2,1,1,1,4,2,4,4,4,4,4,1,2,5,4,2,4,4,2,4,2,2,2,5,2,2,3,2,2,2,5,1,1,4,4,2,2,4,5,4,4,4,4,4,4,2,3,2,4,3,4,Kraft,Dehnung,Entspannung,Kardio,Taiji,5,4,4,4,4,4,1,4,4,4,1,4,3,3,,,,,,,,,Y,,,3,3,4,3,3,3,3,4,4,4,4,4,4,4,4,4,4,4,4,4,4,4,4,4,2,3,2,1,3,3,2,2,3,3,3,3,2,5,3,3,4,5,5,1,1,5,3,2,6,1,1,1,1,2,1,3,1,1,1,1,1,1,2,3,4,1,4,2,5,3,3,5,9,1,2,3,2,1,6,1,3,1,3,2,2,1,3,1,1,1,2,2,5,5,1,5,N,,3005.3,50.31,,1890.47,,281.29,,,,,,,,,102.66,,57.43,,140.73,,,,,27.39,,25.62,,28.62,,,66.58,,75.04,,18.11,,31.86,,46.79,,53.29,,71.54,,17.92,,19.65,,,,,,,,,,,,,,,,,,,,,,,,,,,,,,,,,,,,,,,,,,,,,,,,,,,,,,,,,,,,,,,,,,,,,,,,,,,,,,,,,,,,,,,,,,,,,,,,,,,,,,,,,,,,,,,,,,,,,,,,,,,,,,,,,,,,,,,,,,,,,,,,,,,,,,,,,,,,,,,,,,,,,,,,,,,,,,,,,,,,,,,,,,,,,,,,,,,,,,,,,,,,,,,,,,,,,,,,,,,,,,,,,,,,,,,,,,,,,,,,,,,,,,,,,,,,,,,,,,,,,,,,,,,,,,,,,,,,,,,,,,,,,,,,,,,,,,,,,,,,,,,,,,,,,,,,,,,,,,,,,,,,,,,,,,,,,,,,,,,,,,,,,,,,,,,,,,,,,,,,,,,,,,,,,,,,,,,,,,,,,,,,,,,,,,,,,,,,,,,,,,,,,,,,,,,,,,,,,,,,,,,,,,,,,,,,,,,,,,,,,,,,,,,,,,,,,,,,,,,,,,,,,,,,,,,,,,,,,,,,,,,,,,,,,,,,,,,,,,,,,,,,,,,,,,,,,,,,,,,,,,,,,,,,,,,,,,,,,,,,,,,,,,,,,,,,,,,,,,,,,,,,,,,,,,,,,,,,,,,,,,,,,,,,,,,,,,,,,,,,,,,,,,,,,,,,,,,,,,,,,,,,,,,,,,,,,,,,,,,,,,,,,,,,,,,,,,,,,,,,,,,,,,,,,,,,,,,,,,,,,,,,,,,,,,,,,,,,,,,,,,,,,,,,,,,,,,,,,,,,,,,,,,,,,,,,,,,,,,,,,,,,,,,,
3,2017-09-21 13:45:24,1,3,3,1,2,Y,pl_a_3,adaptability,M,26,5,2,2,1,1,4,A2,Erzieher / Erziehungswissenschaften,2,2,2,1,2,2,3,3,4,4,4,5,3,3,2,3,2,3,3,2,2,2,4,2,3,3,4,4,3,1,3,2,3,3,3,2,4,3,3,1,4,4,3,3,3,4,3,2,3,3,3,3,2,3,4,2,1,4,4,2,3,3,3,3,3,3,2,2,2,Kardio,Kraft,Entspannung,Taiji,Dehnung,4,4,3,3,3,2,1,2,2,2,2,3,2,1,Y,,,,,,,,,,,2,1,1,1,1,1,1,1,1,2,3,3,4,3,3,2,2,2,2,3,4,5,3,2,3,3,4,3,3,3,4,2,3,2,4,4,2,2,2,3,2,2,2,1,1,1,7,1,5,1,7,7,7,2,7,3,7,7,7,7,7,6,1,1,1,1,1,1,5,1,6,4,2,2,2,3,2,1,1,1,1,1,1,1,1,1,1,1,1,1,1,1,3,3,1,3,N,,4254.43,18.25,,2895.29,,332.48,,,,,,,,,116.85,,93.68,,193.78,,,,,42.22,,42.03,,49.8,,,74.28,,105.86,,24.97,,35.94,,87.99,,48.31,,63,,17.36,,12.34,,,,,,,,,,,,,,,,,,,,,,,,,,,,,,,,,,,,,,,,,,,,,,,,,,,,,,,,,,,,,,,,,,,,,,,,,,,,,,,,,,,,,,,,,,,,,,,,,,,,,,,,,,,,,,,,,,,,,,,,,,,,,,,,,,,,,,,,,,,,,,,,,,,,,,,,,,,,,,,,,,,,,,,,,,,,,,,,,,,,,,,,,,,,,,,,,,,,,,,,,,,,,,,,,,,,,,,,,,,,,,,,,,,,,,,,,,,,,,,,,,,,,,,,,,,,,,,,,,,,,,,,,,,,,,,,,,,,,,,,,,,,,,,,,,,,,,,,,,,,,,,,,,,,,,,,,,,,,,,,,,,,,,,,,,,,,,,,,,,,,,,,,,,,,,,,,,,,,,,,,,,,,,,,,,,,,,,,,,,,,,,,,,,,,,,,,,,,,,,,,,,,,,,,,,,,,,,,,,,,,,,,,,,,,,,,,,,,,,,,,,,,,,,,,,,,,,,,,,,,,,,,,,,,,,,,,,,,,,,,,,,,,,,,,,,,,,,,,,,,,,,,,,,,,,,,,,,,,,,,,,,,,,,,,,,,,,,,,,,,,,,,,,,,,,,,,,,,,,,,,,,,,,,,,,,,,,,,,,,,,,,,,,,,,,,,,,,,,,,,,,,,,,,,,,,,,,,,,,,,,,,,,,,,,,,,,,,,,,,,,,,,,,,,,,,,,,,,,,,,,,,,,,,,,,,,,,,,,,,,,,,,,,,,,,,,,,,,,,,,,,,,,,,,,,,,,,,,,,,,,,,,,,,,,,,,,,,,,,,,,,,,,,,,
4,2017-09-21 17:55:38,2,3,4,1,3,Y,pl_a_4,adaptability,F,22,3,2,1,1,1,4,A2,Rechtswissenschaft,2,1,3,1,1,1,4,4,3,4,4,5,3,3,5,4,2,4,1,1,2,1,5,1,4,5,5,5,5,1,2,3,5,1,2,3,3,3,2,1,3,5,2,2,4,2,3,3,4,2,2,4,4,2,1,3,4,2,2,2,2,2,2,3,1,2,4,4,4,Kardio,Dehnung,Kraft,Taiji,Entspannung,1,1,1,1,2,2,4,4,4,4,2,4,4,3,,,Y,,,Y,Y,,Y,,Bespaßung,2,2,2,2,2,4,3,2,1,4,5,5,5,5,5,3,3,3,4,4,5,5,3,5,3,4,3,2,2,4,3,2,4,3,5,3,4,2,3,3,4,2,4,1,1,4,6,5,7,1,4,4,5,3,7,4,7,1,2,5,5,6,7,4,6,2,5,3,7,6,7,7,6,1,3,1,1,1,1,2,3,2,4,4,3,3,3,3,3,3,4,2,3,4,1,3,N,,3465.1,30.16,,2519.87,,211,,,,,,,,,83.76,,71.4,,92.56,,,,,19.07,,29,,53.3,,,56.59,,68.17,,11.95,,25.9,,56.23,,48.68,,60.12,,13.93,,13.41,,,,,,,,,,,,,,,,,,,,,,,,,,,,,,,,,,,,,,,,,,,,,,,,,,,,,,,,,,,,,,,,,,,,,,,,,,,,,,,,,,,,,,,,,,,,,,,,,,,,,,,,,,,,,,,,,,,,,,,,,,,,,,,,,,,,,,,,,,,,,,,,,,,,,,,,,,,,,,,,,,,,,,,,,,,,,,,,,,,,,,,,,,,,,,,,,,,,,,,,,,,,,,,,,,,,,,,,,,,,,,,,,,,,,,,,,,,,,,,,,,,,,,,,,,,,,,,,,,,,,,,,,,,,,,,,,,,,,,,,,,,,,,,,,,,,,,,,,,,,,,,,,,,,,,,,,,,,,,,,,,,,,,,,,,,,,,,,,,,,,,,,,,,,,,,,,,,,,,,,,,,,,,,,,,,,,,,,,,,,,,,,,,,,,,,,,,,,,,,,,,,,,,,,,,,,,,,,,,,,,,,,,,,,,,,,,,,,,,,,,,,,,,,,,,,,,,,,,,,,,,,,,,,,,,,,,,,,,,,,,,,,,,,,,,,,,,,,,,,,,,,,,,,,,,,,,,,,,,,,,,,,,,,,,,,,,,,,,,,,,,,,,,,,,,,,,,,,,,,,,,,,,,,,,,,,,,,,,,,,,,,,,,,,,,,,,,,,,,,,,,,,,,,,,,,,,,,,,,,,,,,,,,,,,,,,,,,,,,,,,,,,,,,,,,,,,,,,,,,,,,,,,,,,,,,,,,,,,,,,,,,,,,,,,,,,,,,,,,,,,,,,,,,,,,,,,,,,,,,,,,,,,,,,,,,,,,,,,,,,,,,,,,,,
6,2017-09-22 15:02:31,4,4,4,3,4,Y,pl_a_5,adaptability,F,23,4,1,2,2,1,4,A2,Rechtswissenschaft,3,4,2,1,2,2,3,4,2,3,4,4,2,4,2,4,3,4,4,1,3,1,3,1,4,4,5,5,4,2,2,5,3,2,3,5,2,5,2,1,2,5,1,1,4,2,3,4,5,2,2,5,5,3,3,5,4,4,4,4,4,4,4,1,5,3,4,4,4,Entspannung,Taiji,Dehnung,Kraft,Kardio,5,5,5,5,5,4,1,3,3,4,5,2,2,3,,,,,,,Y,,Y,,Motivator,4,3,4,3,4,4,3,2,3,3,4,4,5,5,5,3,3,3,3,4,5,5,4,4,2,4,3,2,2,5,1,3,3,2,1,4,1,2,4,5,4,2,5,1,1,1,2,1,2,2,6,5,6,1,7,3,7,1,6,7,7,7,8,2,2,1,2,4,4,3,3,7,6,1,2,2,1,1,1,1,2,2,1,3,2,3,1,1,1,1,3,4,4,4,2,4,N,,1956.69,6.26,,3.78,,475.87,,,,,,,,,149.31,,149.72,,223.15,,,,,50.46,,102.63,,65.4,,,121.33,,138.32,,25.59,,57.88,,127.59,,91.36,,120.6,,25.01,,22.43,,,,,,,,,,,,,,,,,,,,,,,,,,,,,,,,,,,,,,,,,,,,,,,,,,,,,,,,,,,,,,,,,,,,,,,,,,,,,,,,,,,,,,,,,,,,,,,,,,,,,,,,,,,,,,,,,,,,,,,,,,,,,,,,,,,,,,,,,,,,,,,,,,,,,,,,,,,,,,,,,,,,,,,,,,,,,,,,,,,,,,,,,,,,,,,,,,,,,,,,,,,,,,,,,,,,,,,,,,,,,,,,,,,,,,,,,,,,,,,,,,,,,,,,,,,,,,,,,,,,,,,,,,,,,,,,,,,,,,,,,,,,,,,,,,,,,,,,,,,,,,,,,,,,,,,,,,,,,,,,,,,,,,,,,,,,,,,,,,,,,,,,,,,,,,,,,,,,,,,,,,,,,,,,,,,,,,,,,,,,,,,,,,,,,,,,,,,,,,,,,,,,,,,,,,,,,,,,,,,,,,,,,,,,,,,,,,,,,,,,,,,,,,,,,,,,,,,,,,,,,,,,,,,,,,,,,,,,,,,,,,,,,,,,,,,,,,,,,,,,,,,,,,,,,,,,,,,,,,,,,,,,,,,,,,,,,,,,,,,,,,,,,,,,,,,,,,,,,,,,,,,,,,,,,,,,,,,,,,,,,,,,,,,,,,,,,,,,,,,,,,,,,,,,,,,,,,,,,,,,,,,,,,,,,,,,,,,,,,,,,,,,,,,,,,,,,,,,,,,,,,,,,,,,,,,,,,,,,,,,,,,,,,,,,,,,,,,,,,,,,,,,,,,,,,,,,,,,,,,,,,,,,,,,,,,,,,,,,,,,,,,,,,,,
7,2017-10-02 13:29:46,1,4,4,1,5,Y,pl_a_6,adaptability,F,24,4,3,1,3,1,5,A2,BIG,3,4,2,4,2,2,3,4,3,4,4,5,2,4,2,4,2,4,2,1,2,3,4,2,5,5,5,5,5,1,1,1,1,1,1,5,1,5,1,1,1,5,2,1,5,1,5,1,5,1,1,4,5,1,1,4,5,5,5,2,4,4,3,1,2,3,5,3,3,Kraft,Kardio,Dehnung,Taiji,Entspannung,5,5,5,5,4,3,4,5,3,5,1,5,5,5,,,,,,,,Y,Y,,,3,2,2,4,4,4,4,2,4,4,5,5,5,5,5,3,3,3,4,4,4,5,3,5,1,4,4,4,4,1,3,4,1,1,4,1,1,1,3,1,4,1,7,5,1,1,3,4,2,3,5,2,1,5,1,5,1,7,2,3,1,2,7,1,7,1,1,1,4,7,7,9,4,1,4,1,1,1,1,1,1,4,1,3,1,3,1,1,1,1,5,3,4,5,1,5,N,,3164.41,20.68,,2134.66,,202.78,,,,,,,,,56.03,,77.47,,113.19,,,,,31.39,,39.47,,26.03,,,73.3,,137.54,,16.62,,30.58,,62.61,,44.53,,67.81,,16.83,,12.89,,,,,,,,,,,,,,,,,,,,,,,,,,,,,,,,,,,,,,,,,,,,,,,,,,,,,,,,,,,,,,,,,,,,,,,,,,,,,,,,,,,,,,,,,,,,,,,,,,,,,,,,,,,,,,,,,,,,,,,,,,,,,,,,,,,,,,,,,,,,,,,,,,,,,,,,,,,,,,,,,,,,,,,,,,,,,,,,,,,,,,,,,,,,,,,,,,,,,,,,,,,,,,,,,,,,,,,,,,,,,,,,,,,,,,,,,,,,,,,,,,,,,,,,,,,,,,,,,,,,,,,,,,,,,,,,,,,,,,,,,,,,,,,,,,,,,,,,,,,,,,,,,,,,,,,,,,,,,,,,,,,,,,,,,,,,,,,,,,,,,,,,,,,,,,,,,,,,,,,,,,,,,,,,,,,,,,,,,,,,,,,,,,,,,,,,,,,,,,,,,,,,,,,,,,,,,,,,,,,,,,,,,,,,,,,,,,,,,,,,,,,,,,,,,,,,,,,,,,,,,,,,,,,,,,,,,,,,,,,,,,,,,,,,,,,,,,,,,,,,,,,,,,,,,,,,,,,,,,,,,,,,,,,,,,,,,,,,,,,,,,,,,,,,,,,,,,,,,,,,,,,,,,,,,,,,,,,,,,,,,,,,,,,,,,,,,,,,,,,,,,,,,,,,,,,,,,,,,,,,,,,,,,,,,,,,,,,,,,,,,,,,,,,,,,,,,,,,,,,,,,,,,,,,,,,,,,,,,,,,,,,,,,,,,,,,,,,,,,,,,,,,,,,,,,,,,,,,,,,,,,,,,,,,,,,,,,,,,,,,,,,,,,,,
8,2017-10-02 15:02:16,2,3,5,1,2,,pl_a_7,adaptability,F,30,6,1,1,1,1,4,A2,Gesundheitswissenschaften,3,1,2,3,2,2,4,4,1,3,4,4,4,4,4,4,2,3,1,1,2,1,5,1,2,4,4,4,4,3,2,3,4,2,4,4,3,4,2,2,3,5,4,1,4,3,5,4,4,2,4,4,4,3,2,3,2,4,3,2,3,2,2,2,3,3,4,3,3,Dehnung,Kraft,Taiji,Entspannung,Kardio,5,5,5,5,5,4,1,3,3,3,4,1,1,5,,,,,Y,,,,,,,2,1,2,1,2,4,4,1,4,3,5,5,5,5,5,3,3,3,3,3,4,4,3,3,2,3,3,2,4,2,5,2,3,3,4,3,2,4,4,1,3,6,5,1,1,1,5,1,6,1,5,6,6,1,7,1,7,1,7,6,7,7,7,3,3,1,1,1,4,7,9,5,5,1,5,1,1,1,1,1,1,1,1,4,1,3,2,1,1,1,1,1,4,5,1,3,N,,3022.58,19.09,,1753.24,,302.03,,,,,,,,,88.75,,94.9,,153.19,,,,,34.03,,38.2,,36.18,,,92.41,,111.52,,27.52,,25.15,,68.95,,52.57,,87.28,,23.81,,13.76,,,,,,,,,,,,,,,,,,,,,,,,,,,,,,,,,,,,,,,,,,,,,,,,,,,,,,,,,,,,,,,,,,,,,,,,,,,,,,,,,,,,,,,,,,,,,,,,,,,,,,,,,,,,,,,,,,,,,,,,,,,,,,,,,,,,,,,,,,,,,,,,,,,,,,,,,,,,,,,,,,,,,,,,,,,,,,,,,,,,,,,,,,,,,,,,,,,,,,,,,,,,,,,,,,,,,,,,,,,,,,,,,,,,,,,,,,,,,,,,,,,,,,,,,,,,,,,,,,,,,,,,,,,,,,,,,,,,,,,,,,,,,,,,,,,,,,,,,,,,,,,,,,,,,,,,,,,,,,,,,,,,,,,,,,,,,,,,,,,,,,,,,,,,,,,,,,,,,,,,,,,,,,,,,,,,,,,,,,,,,,,,,,,,,,,,,,,,,,,,,,,,,,,,,,,,,,,,,,,,,,,,,,,,,,,,,,,,,,,,,,,,,,,,,,,,,,,,,,,,,,,,,,,,,,,,,,,,,,,,,,,,,,,,,,,,,,,,,,,,,,,,,,,,,,,,,,,,,,,,,,,,,,,,,,,,,,,,,,,,,,,,,,,,,,,,,,,,,,,,,,,,,,,,,,,,,,,,,,,,,,,,,,,,,,,,,,,,,,,,,,,,,,,,,,,,,,,,,,,,,,,,,,,,,,,,,,,,,,,,,,,,,,,,,,,,,,,,,,,,,,,,,,,,,,,,,,,,,,,,,,,,,,,,,,,,,,,,,,,,,,,,,,,,,,,,,,,,,,,,,,,,,,,,,,,,,,,,,,,,,,,,,,,,
9,2017-10-04 13:21:13,2,3,4,1,2,Y,pl_a_8,adaptability,M,25,4,2,1,1,1,3,A2,Geschichte/Literatur,2,5,4,5,4,3,3,4,5,4,2,3,2,5,5,5,1,5,2,5,4,5,4,5,5,4,3,4,3,1,2,5,5,1,3,5,1,5,2,1,2,5,2,1,4,1,2,1,4,1,1,2,5,1,1,5,4,5,5,5,4,4,3,1,4,1,5,4,4,Entspannung,Dehnung,Kardio,Kraft,Taiji,5,5,5,5,5,5,1,5,5,5,1,4,1,1,,,Y,,,Y,Y,,Y,,,3,3,4,2,3,4,4,2,4,4,4,4,4,4,4,5,3,4,5,5,5,5,3,4,5,5,1,1,1,5,1,3,5,2,5,5,4,3,4,3,4,7,3,1,1,7,1,1,7,1,7,6,5,2,7,2,6,7,3,5,7,7,7,2,1,2,1,1,4,3,9,4,7,1,1,1,1,1,1,2,1,5,3,3,1,2,3,1,1,3,2,2,3,4,1,3,N,,2899.67,25.64,,2028,,242.26,,,,,,,,,60.09,,40.78,,72.44,,,,,19.06,,14.49,,35.27,,,66.88,,64.67,,10.35,,26.97,,52.26,,38.12,,51.92,,13.1,,37.37,,,,,,,,,,,,,,,,,,,,,,,,,,,,,,,,,,,,,,,,,,,,,,,,,,,,,,,,,,,,,,,,,,,,,,,,,,,,,,,,,,,,,,,,,,,,,,,,,,,,,,,,,,,,,,,,,,,,,,,,,,,,,,,,,,,,,,,,,,,,,,,,,,,,,,,,,,,,,,,,,,,,,,,,,,,,,,,,,,,,,,,,,,,,,,,,,,,,,,,,,,,,,,,,,,,,,,,,,,,,,,,,,,,,,,,,,,,,,,,,,,,,,,,,,,,,,,,,,,,,,,,,,,,,,,,,,,,,,,,,,,,,,,,,,,,,,,,,,,,,,,,,,,,,,,,,,,,,,,,,,,,,,,,,,,,,,,,,,,,,,,,,,,,,,,,,,,,,,,,,,,,,,,,,,,,,,,,,,,,,,,,,,,,,,,,,,,,,,,,,,,,,,,,,,,,,,,,,,,,,,,,,,,,,,,,,,,,,,,,,,,,,,,,,,,,,,,,,,,,,,,,,,,,,,,,,,,,,,,,,,,,,,,,,,,,,,,,,,,,,,,,,,,,,,,,,,,,,,,,,,,,,,,,,,,,,,,,,,,,,,,,,,,,,,,,,,,,,,,,,,,,,,,,,,,,,,,,,,,,,,,,,,,,,,,,,,,,,,,,,,,,,,,,,,,,,,,,,,,,,,,,,,,,,,,,,,,,,,,,,,,,,,,,,,,,,,,,,,,,,,,,,,,,,,,,,,,,,,,,,,,,,,,,,,,,,,,,,,,,,,,,,,,,,,,,,,,,,,,,,,,,,,,,,,,,,,,,,,,,,,,,,,,,,
10,2017-10-04 18:00:35,1,5,3,1,4,Y,pl_a_9,adaptability,M,39,5,3,3,3,2,5,A2,Promotion Physk,3,4,2,2,2,3,3,3,3,3,3,4,1,5,1,4,1,5,2,2,4,2,4,2,3,4,5,4,4,2,3,3,2,4,1,2,4,2,4,4,4,1,3,4,2,4,1,4,2,4,4,2,2,4,4,1,1,2,3,4,2,3,4,4,2,2,4,4,4,Kraft,Dehnung,Kardio,Taiji,Entspannung,4,4,4,4,4,4,4,4,4,4,4,4,3,4,,,Y,,Y,,Y,,Y,,,3,3,2,1,2,2,3,2,2,4,4,4,4,4,4,4,4,4,3,4,4,4,2,4,2,2,4,3,3,4,3,2,2,2,4,2,3,3,4,3,3,5,5,3,1,2,2,1,7,3,2,1,1,1,7,2,7,4,2,6,1,7,1,1,1,1,1,1,7,7,7,7,6,1,5,1,1,1,1,2,2,2,4,3,3,3,2,3,4,2,3,2,5,4,2,5,N,,3061.4,28.5,,2115.99,,217.75,,,,,,,,,60.04,,43.31,,128.14,,,,,23.26,,23.76,,36.6,,,61.41,,87.19,,13.05,,30.19,,45.1,,42.22,,78.44,,14.44,,12.01,,,,,,,,,,,,,,,,,,,,,,,,,,,,,,,,,,,,,,,,,,,,,,,,,,,,,,,,,,,,,,,,,,,,,,,,,,,,,,,,,,,,,,,,,,,,,,,,,,,,,,,,,,,,,,,,,,,,,,,,,,,,,,,,,,,,,,,,,,,,,,,,,,,,,,,,,,,,,,,,,,,,,,,,,,,,,,,,,,,,,,,,,,,,,,,,,,,,,,,,,,,,,,,,,,,,,,,,,,,,,,,,,,,,,,,,,,,,,,,,,,,,,,,,,,,,,,,,,,,,,,,,,,,,,,,,,,,,,,,,,,,,,,,,,,,,,,,,,,,,,,,,,,,,,,,,,,,,,,,,,,,,,,,,,,,,,,,,,,,,,,,,,,,,,,,,,,,,,,,,,,,,,,,,,,,,,,,,,,,,,,,,,,,,,,,,,,,,,,,,,,,,,,,,,,,,,,,,,,,,,,,,,,,,,,,,,,,,,,,,,,,,,,,,,,,,,,,,,,,,,,,,,,,,,,,,,,,,,,,,,,,,,,,,,,,,,,,,,,,,,,,,,,,,,,,,,,,,,,,,,,,,,,,,,,,,,,,,,,,,,,,,,,,,,,,,,,,,,,,,,,,,,,,,,,,,,,,,,,,,,,,,,,,,,,,,,,,,,,,,,,,,,,,,,,,,,,,,,,,,,,,,,,,,,,,,,,,,,,,,,,,,,,,,,,,,,,,,,,,,,,,,,,,,,,,,,,,,,,,,,,,,,,,,,,,,,,,,,,,,,,,,,,,,,,,,,,,,,,,,,,,,,,,,,,,,,,,,,,,,,,,,,,,,
11,2017-10-05 14:11:40,2,4,4,1,4,Y,pl_b_1,adaptivity,M,21,5,3,2,2,1,4,A2,Apparative Biotechnologie,2,2,2,1,2,1,2,5,2,4,5,4,3,3,4,2,2,4,1,2,2,2,4,2,3,3,4,4,3,4,1,5,4,4,3,5,2,4,2,1,2,4,3,1,3,2,3,1,4,2,1,4,5,1,2,5,4,2,1,2,4,3,4,1,3,2,4,4,4,Kraft,Dehnung,Kardio,Taiji,Entspannung,5,5,4,3,4,4,1,5,4,4,5,4,3,4,,,,,,,Y,,Y,,,4,4,3,3,4,4,5,2,4,5,5,4,4,4,5,4,4,3,3,4,5,5,3,4,1,2,4,2,2,2,3,2,1,1,1,3,2,2,5,4,4,2,7,3,1,4,4,2,5,3,3,5,6,2,7,5,7,4,4,2,4,4,6,6,5,2,3,3,8,7,7,8,7,1,2,1,1,1,1,4,2,3,4,4,3,4,4,3,4,3,4,2,4,4,1,4,Y,simmimarti@aol.com,4185.32,45.14,,2619.64,,361.9,,,,,,,,,172.48,,104.68,,139.01,,,,,40.59,,39.53,,55.99,,,85.34,,105.01,,25.54,,45.17,,86.98,,71.14,,105.81,,24.35,,57.02,,,,,,,,,,,,,,,,,,,,,,,,,,,,,,,,,,,,,,,,,,,,,,,,,,,,,,,,,,,,,,,,,,,,,,,,,,,,,,,,,,,,,,,,,,,,,,,,,,,,,,,,,,,,,,,,,,,,,,,,,,,,,,,,,,,,,,,,,,,,,,,,,,,,,,,,,,,,,,,,,,,,,,,,,,,,,,,,,,,,,,,,,,,,,,,,,,,,,,,,,,,,,,,,,,,,,,,,,,,,,,,,,,,,,,,,,,,,,,,,,,,,,,,,,,,,,,,,,,,,,,,,,,,,,,,,,,,,,,,,,,,,,,,,,,,,,,,,,,,,,,,,,,,,,,,,,,,,,,,,,,,,,,,,,,,,,,,,,,,,,,,,,,,,,,,,,,,,,,,,,,,,,,,,,,,,,,,,,,,,,,,,,,,,,,,,,,,,,,,,,,,,,,,,,,,,,,,,,,,,,,,,,,,,,,,,,,,,,,,,,,,,,,,,,,,,,,,,,,,,,,,,,,,,,,,,,,,,,,,,,,,,,,,,,,,,,,,,,,,,,,,,,,,,,,,,,,,,,,,,,,,,,,,,,,,,,,,,,,,,,,,,,,,,,,,,,,,,,,,,,,,,,,,,,,,,,,,,,,,,,,,,,,,,,,,,,,,,,,,,,,,,,,,,,,,,,,,,,,,,,,,,,,,,,,,,,,,,,,,,,,,,,,,,,,,,,,,,,,,,,,,,,,,,,,,,,,,,,,,,,,,,,,,,,,,,,,,,,,,,,,,,,,,,,,,,,,,,,,,,,,,,,,,,,,,,,,,,,,,,,,,,,,,,
20,2017-10-19 17:56:31,2,5,4,1,5,Y,pl_b_10,adaptivity,M,23,4,2,2,2,1,5,A2,Master Lehramt Grundschule mit ISP,2,2,3,2,2,2,4,3,3,3,4,5,4,4,2,4,2,4,2,2,2,2,4,2,3,4,4,4,2,2,2,4,5,1,3,4,1,5,2,1,1,5,1,1,5,1,3,2,3,2,2,3,4,3,3,4,4,3,4,4,3,3,3,2,5,2,4,4,4,Kraft,Entspannung,Dehnung,Kardio,Taiji,4,4,4,4,4,3,3,3,4,4,4,3,4,2,,,Y,,,Y,Y,,Y,,,2,3,3,3,3,4,4,2,3,3,4,4,4,4,4,4,4,4,4,4,4,4,3,3,2,3,4,3,3,3,2,2,3,2,3,2,2,1,3,2,4,5,5,2,2,5,5,2,4,4,5,5,5,2,7,3,5,5,3,4,5,5,2,2,2,2,2,2,6,5,6,7,7,2,4,2,6,2,2,4,3,3,2,3,4,3,3,4,2,4,2,2,5,4,1,5,Y,freddy_eicken94at googlemail.com,3096.97,21.51,,1924,,367.73,,,,,,,,,71.32,,68.11,,126.98,,,,,20.91,,37.5,,30.45,,,62.51,,73.29,,16.53,,32.88,,64.88,,35.73,,82.67,,18.3,,41.67,,,,,,,,,,,,,,,,,,,,,,,,,,,,,,,,,,,,,,,,,,,,,,,,,,,,,,,,,,,,,,,,,,,,,,,,,,,,,,,,,,,,,,,,,,,,,,,,,,,,,,,,,,,,,,,,,,,,,,,,,,,,,,,,,,,,,,,,,,,,,,,,,,,,,,,,,,,,,,,,,,,,,,,,,,,,,,,,,,,,,,,,,,,,,,,,,,,,,,,,,,,,,,,,,,,,,,,,,,,,,,,,,,,,,,,,,,,,,,,,,,,,,,,,,,,,,,,,,,,,,,,,,,,,,,,,,,,,,,,,,,,,,,,,,,,,,,,,,,,,,,,,,,,,,,,,,,,,,,,,,,,,,,,,,,,,,,,,,,,,,,,,,,,,,,,,,,,,,,,,,,,,,,,,,,,,,,,,,,,,,,,,,,,,,,,,,,,,,,,,,,,,,,,,,,,,,,,,,,,,,,,,,,,,,,,,,,,,,,,,,,,,,,,,,,,,,,,,,,,,,,,,,,,,,,,,,,,,,,,,,,,,,,,,,,,,,,,,,,,,,,,,,,,,,,,,,,,,,,,,,,,,,,,,,,,,,,,,,,,,,,,,,,,,,,,,,,,,,,,,,,,,,,,,,,,,,,,,,,,,,,,,,,,,,,,,,,,,,,,,,,,,,,,,,,,,,,,,,,,,,,,,,,,,,,,,,,,,,,,,,,,,,,,,,,,,,,,,,,,,,,,,,,,,,,,,,,,,,,,,,,,,,,,,,,,,,,,,,,,,,,,,,,,,,,,,,,,,,,,,,,,,,,,,,,,,,,,,,,,,,,,,,,,,
22,2017-10-20 13:36:32,2,2,2,1,2,Y,pl_b_11,adaptivity,F,38,3,2,1,1,1,2,A1,Dipl. Pädagogin,3,4,4,3,3,3,2,4,3,4,4,4,2,4,3,4,3,4,3,1,4,3,4,1,3,3,5,5,4,2,3,2,3,3,5,3,3,4,3,1,2,3,2,3,4,2,3,3,4,2,3,3,2,2,2,2,2,3,3,3,2,2,2,3,3,3,2,2,2,Taiji,Entspannung,Dehnung,Kraft,Kardio,4,4,4,4,3,4,1,1,1,2,1,3,4,4,,,,,,,,,Y,,,2,1,1,1,1,3,3,2,2,4,4,4,4,4,4,4,3,3,3,3,3,4,3,4,2,4,3,2,2,4,2,4,2,3,3,3,2,2,3,3,3,4,4,1,1,1,4,1,5,1,5,3,3,2,4,1,6,2,1,3,6,2,3,4,5,2,4,3,5,4,5,7,5,3,3,2,2,2,3,1,1,1,2,3,1,1,1,1,2,2,1,2,2,2,1,2,N,,3296.26,33.2,,2298.81,,250.06,,,,,,,,,78.96,,67.16,,69.39,,,,,33.64,,31.73,,32.27,,,53.59,,86.09,,14.37,,24.31,,64.11,,49.31,,77.45,,14.48,,17.33,,,,,,,,,,,,,,,,,,,,,,,,,,,,,,,,,,,,,,,,,,,,,,,,,,,,,,,,,,,,,,,,,,,,,,,,,,,,,,,,,,,,,,,,,,,,,,,,,,,,,,,,,,,,,,,,,,,,,,,,,,,,,,,,,,,,,,,,,,,,,,,,,,,,,,,,,,,,,,,,,,,,,,,,,,,,,,,,,,,,,,,,,,,,,,,,,,,,,,,,,,,,,,,,,,,,,,,,,,,,,,,,,,,,,,,,,,,,,,,,,,,,,,,,,,,,,,,,,,,,,,,,,,,,,,,,,,,,,,,,,,,,,,,,,,,,,,,,,,,,,,,,,,,,,,,,,,,,,,,,,,,,,,,,,,,,,,,,,,,,,,,,,,,,,,,,,,,,,,,,,,,,,,,,,,,,,,,,,,,,,,,,,,,,,,,,,,,,,,,,,,,,,,,,,,,,,,,,,,,,,,,,,,,,,,,,,,,,,,,,,,,,,,,,,,,,,,,,,,,,,,,,,,,,,,,,,,,,,,,,,,,,,,,,,,,,,,,,,,,,,,,,,,,,,,,,,,,,,,,,,,,,,,,,,,,,,,,,,,,,,,,,,,,,,,,,,,,,,,,,,,,,,,,,,,,,,,,,,,,,,,,,,,,,,,,,,,,,,,,,,,,,,,,,,,,,,,,,,,,,,,,,,,,,,,,,,,,,,,,,,,,,,,,,,,,,,,,,,,,,,,,,,,,,,,,,,,,,,,,,,,,,,,,,,,,,,,,,,,,,,,,,,,,,,,,,,,,,,,,,,,,,,,,,,,,,,,,,,,,,,,,,,,,,
24,2017-10-23 11:55:26,1,3,3,1,4,Y,pl_b_12,adaptivity,F,34,6,3,3,2,4,4,A5,WNA & Promotion,4,5,4,4,3,3,2,4,1,3,3,4,2,4,4,4,1,4,2,2,4,2,4,4,4,3,4,4,4,2,2,4,5,1,1,5,1,1,1,1,1,5,1,1,5,1,1,2,3,2,2,2,3,2,3,3,2,3,3,3,3,4,3,2,2,3,3,3,3,Kardio,Kraft,Taiji,Dehnung,Entspannung,5,5,5,4,5,4,3,4,4,3,2,4,3,4,,,Y,,,,Y,,Y,,,4,1,1,3,3,3,3,1,2,3,5,5,5,5,5,3,3,3,3,3,4,5,3,3,1,2,5,5,5,1,1,1,1,1,2,1,1,4,4,4,4,6,6,4,1,2,4,5,6,4,1,7,7,1,7,1,7,1,2,7,7,7,7,3,6,2,4,2,7,1,7,7,1,1,1,2,1,1,1,3,3,4,3,4,2,3,3,3,3,2,3,1,4,3,1,4,Y,kamil.wrona@uni-bielefeld.de,3265.23,17.7,,2045.79,,369.29,,,,,,,,,71.48,,82.89,,110.74,,,,,34.77,,32.69,,40.56,,,91.12,,81.33,,16.2,,26.54,,58.8,,55.32,,69.98,,19.33,,40.7,,,,,,,,,,,,,,,,,,,,,,,,,,,,,,,,,,,,,,,,,,,,,,,,,,,,,,,,,,,,,,,,,,,,,,,,,,,,,,,,,,,,,,,,,,,,,,,,,,,,,,,,,,,,,,,,,,,,,,,,,,,,,,,,,,,,,,,,,,,,,,,,,,,,,,,,,,,,,,,,,,,,,,,,,,,,,,,,,,,,,,,,,,,,,,,,,,,,,,,,,,,,,,,,,,,,,,,,,,,,,,,,,,,,,,,,,,,,,,,,,,,,,,,,,,,,,,,,,,,,,,,,,,,,,,,,,,,,,,,,,,,,,,,,,,,,,,,,,,,,,,,,,,,,,,,,,,,,,,,,,,,,,,,,,,,,,,,,,,,,,,,,,,,,,,,,,,,,,,,,,,,,,,,,,,,,,,,,,,,,,,,,,,,,,,,,,,,,,,,,,,,,,,,,,,,,,,,,,,,,,,,,,,,,,,,,,,,,,,,,,,,,,,,,,,,,,,,,,,,,,,,,,,,,,,,,,,,,,,,,,,,,,,,,,,,,,,,,,,,,,,,,,,,,,,,,,,,,,,,,,,,,,,,,,,,,,,,,,,,,,,,,,,,,,,,,,,,,,,,,,,,,,,,,,,,,,,,,,,,,,,,,,,,,,,,,,,,,,,,,,,,,,,,,,,,,,,,,,,,,,,,,,,,,,,,,,,,,,,,,,,,,,,,,,,,,,,,,,,,,,,,,,,,,,,,,,,,,,,,,,,,,,,,,,,,,,,,,,,,,,,,,,,,,,,,,,,,,,,,,,,,,,,,,,,,,,,,,,,,,,,,,,,,,
26,2017-10-24 14:58:15,1,4,3,2,4,Y,pl_b_13,adaptivity,M,22,4,5,1,2,1,3,A2,Rechtswissenschaft,3,2,3,1,1,1,3,5,3,2,4,3,1,3,2,4,1,5,1,1,4,2,4,1,4,4,5,4,3,2,1,5,5,1,3,5,1,4,2,1,2,5,2,1,4,2,2,1,4,1,1,4,4,1,2,2,5,2,2,1,3,2,1,5,2,2,4,4,4,Kraft,Kardio,Dehnung,Entspannung,Taiji,1,1,2,1,2,1,1,5,5,5,5,5,5,5,,Y,Y,,,Y,,,Y,,Motivationsbereiter durch Aufheiternde Bewegungen ,5,4,4,4,3,4,4,3,5,3,5,4,4,5,5,4,4,3,3,3,4,4,3,5,3,4,2,2,2,4,2,4,3,2,4,2,2,2,3,4,5,3,6,5,2,2,7,1,6,4,3,3,7,1,3,1,7,1,3,2,7,7,6,2,5,7,7,5,8,9,9,9,8,1,4,1,1,2,1,5,4,1,4,3,3,4,2,4,5,4,5,1,4,3,2,4,N,lange5@me.com,3570.95,21.14,,2144.64,,417,,,,,,,,,106.46,,68.59,,112.91,,,,,28.8,,41.52,,69.18,,,59.33,,138.79,,16.93,,37.42,,79.85,,76.92,,104.91,,19.12,,27.44,,,,,,,,,,,,,,,,,,,,,,,,,,,,,,,,,,,,,,,,,,,,,,,,,,,,,,,,,,,,,,,,,,,,,,,,,,,,,,,,,,,,,,,,,,,,,,,,,,,,,,,,,,,,,,,,,,,,,,,,,,,,,,,,,,,,,,,,,,,,,,,,,,,,,,,,,,,,,,,,,,,,,,,,,,,,,,,,,,,,,,,,,,,,,,,,,,,,,,,,,,,,,,,,,,,,,,,,,,,,,,,,,,,,,,,,,,,,,,,,,,,,,,,,,,,,,,,,,,,,,,,,,,,,,,,,,,,,,,,,,,,,,,,,,,,,,,,,,,,,,,,,,,,,,,,,,,,,,,,,,,,,,,,,,,,,,,,,,,,,,,,,,,,,,,,,,,,,,,,,,,,,,,,,,,,,,,,,,,,,,,,,,,,,,,,,,,,,,,,,,,,,,,,,,,,,,,,,,,,,,,,,,,,,,,,,,,,,,,,,,,,,,,,,,,,,,,,,,,,,,,,,,,,,,,,,,,,,,,,,,,,,,,,,,,,,,,,,,,,,,,,,,,,,,,,,,,,,,,,,,,,,,,,,,,,,,,,,,,,,,,,,,,,,,,,,,,,,,,,,,,,,,,,,,,,,,,,,,,,,,,,,,,,,,,,,,,,,,,,,,,,,,,,,,,,,,,,,,,,,,,,,,,,,,,,,,,,,,,,,,,,,,,,,,,,,,,,,,,,,,,,,,,,,,,,,,,,,,,,,,,,,,,,,,,,,,,,,,,,,,,,,,,,,,,,,,,,,,,,,,,,,,,,,,,,,,,,,,,,,,,,,,,,,
28,2017-10-26 15:04:21,3,4,4,1,2,Y,pl_b_14,adaptivity,F,24,4,2,2,1,2,4,A2,Biologie und Sport auf Lehramt (Sek II),2,2,2,1,1,1,3,4,3,4,4,4,2,4,3,4,2,2,2,1,2,2,5,1,4,4,4,5,4,1,2,4,4,3,3,4,1,4,4,1,3,5,1,1,4,2,4,3,2,1,2,3,4,1,2,4,3,2,3,3,3,3,2,3,3,3,3,2,3,Kardio,Kraft,Entspannung,Dehnung,Taiji,4,4,4,4,3,5,3,4,3,4,4,3,2,2,,,Y,,,,,,,Y,,3,3,1,2,2,3,4,1,4,3,5,5,5,5,5,4,4,4,3,4,4,4,3,4,3,2,4,2,2,2,2,3,3,1,2,2,4,3,4,3,4,2,5,1,1,4,4,1,6,3,7,5,5,3,6,2,5,2,4,3,5,6,8,5,6,3,8,4,6,7,9,8,7,2,3,6,5,2,1,2,2,4,2,4,2,4,2,4,1,3,3,2,4,4,1,4,N,,3810.64,25.56,,2488.83,,313.08,,,,,,,,,104.72,,64.16,,190.15,,,,,29.39,,37.6,,30.99,,,85.62,,103.68,,20.87,,32.63,,90.26,,62.99,,98.93,,20.24,,10.94,,,,,,,,,,,,,,,,,,,,,,,,,,,,,,,,,,,,,,,,,,,,,,,,,,,,,,,,,,,,,,,,,,,,,,,,,,,,,,,,,,,,,,,,,,,,,,,,,,,,,,,,,,,,,,,,,,,,,,,,,,,,,,,,,,,,,,,,,,,,,,,,,,,,,,,,,,,,,,,,,,,,,,,,,,,,,,,,,,,,,,,,,,,,,,,,,,,,,,,,,,,,,,,,,,,,,,,,,,,,,,,,,,,,,,,,,,,,,,,,,,,,,,,,,,,,,,,,,,,,,,,,,,,,,,,,,,,,,,,,,,,,,,,,,,,,,,,,,,,,,,,,,,,,,,,,,,,,,,,,,,,,,,,,,,,,,,,,,,,,,,,,,,,,,,,,,,,,,,,,,,,,,,,,,,,,,,,,,,,,,,,,,,,,,,,,,,,,,,,,,,,,,,,,,,,,,,,,,,,,,,,,,,,,,,,,,,,,,,,,,,,,,,,,,,,,,,,,,,,,,,,,,,,,,,,,,,,,,,,,,,,,,,,,,,,,,,,,,,,,,,,,,,,,,,,,,,,,,,,,,,,,,,,,,,,,,,,,,,,,,,,,,,,,,,,,,,,,,,,,,,,,,,,,,,,,,,,,,,,,,,,,,,,,,,,,,,,,,,,,,,,,,,,,,,,,,,,,,,,,,,,,,,,,,,,,,,,,,,,,,,,,,,,,,,,,,,,,,,,,,,,,,,,,,,,,,,,,,,,,,,,,,,,,,,,,,,,,,,,,,,,,,,,,,,,,,,,,,,,,,,,,,,,,,,,,,,,,,,,,,,,,,,,,
31,2017-10-26 18:52:06,4,3,5,1,3,Y,pl_b_15,adaptivity,F,24,5,2,1,1,1,4,A2,Linguistik,1,3,2,1,2,2,4,5,3,3,5,5,3,4,1,4,3,3,1,1,1,1,4,2,4,4,5,4,4,1,1,5,5,2,3,5,2,5,2,1,1,5,2,1,4,1,1,3,5,1,2,5,5,2,3,2,1,2,2,4,3,4,4,5,3,3,4,3,2,Kraft,Dehnung,Kardio,Entspannung,Taiji,1,1,1,1,3,3,1,5,5,5,1,3,2,5,,,Y,,Y,,,,Y,,,4,4,4,3,3,4,4,3,4,5,5,5,5,5,5,3,3,3,3,3,5,5,3,4,2,4,2,4,4,3,1,2,3,1,1,1,2,1,4,3,5,5,6,2,1,5,5,1,7,1,7,7,7,2,7,2,7,7,7,2,7,7,9,2,7,1,4,3,7,4,9,5,7,1,4,1,1,1,1,1,1,2,4,2,2,2,4,1,2,3,3,4,4,5,1,4,N,,2886.32,30.29,,1834.86,,241.76,,,,,,,,,84.52,,69.31,,139.08,,,,,21.13,,25.18,,33.96,,,56.25,,93.89,,20.8,,33.74,,39.84,,62.82,,71.24,,16.58,,11.07,,,,,,,,,,,,,,,,,,,,,,,,,,,,,,,,,,,,,,,,,,,,,,,,,,,,,,,,,,,,,,,,,,,,,,,,,,,,,,,,,,,,,,,,,,,,,,,,,,,,,,,,,,,,,,,,,,,,,,,,,,,,,,,,,,,,,,,,,,,,,,,,,,,,,,,,,,,,,,,,,,,,,,,,,,,,,,,,,,,,,,,,,,,,,,,,,,,,,,,,,,,,,,,,,,,,,,,,,,,,,,,,,,,,,,,,,,,,,,,,,,,,,,,,,,,,,,,,,,,,,,,,,,,,,,,,,,,,,,,,,,,,,,,,,,,,,,,,,,,,,,,,,,,,,,,,,,,,,,,,,,,,,,,,,,,,,,,,,,,,,,,,,,,,,,,,,,,,,,,,,,,,,,,,,,,,,,,,,,,,,,,,,,,,,,,,,,,,,,,,,,,,,,,,,,,,,,,,,,,,,,,,,,,,,,,,,,,,,,,,,,,,,,,,,,,,,,,,,,,,,,,,,,,,,,,,,,,,,,,,,,,,,,,,,,,,,,,,,,,,,,,,,,,,,,,,,,,,,,,,,,,,,,,,,,,,,,,,,,,,,,,,,,,,,,,,,,,,,,,,,,,,,,,,,,,,,,,,,,,,,,,,,,,,,,,,,,,,,,,,,,,,,,,,,,,,,,,,,,,,,,,,,,,,,,,,,,,,,,,,,,,,,,,,,,,,,,,,,,,,,,,,,,,,,,,,,,,,,,,,,,,,,,,,,,,,,,,,,,,,,,,,,,,,,,,,,,,,,,,,,,,,,,,,,,,,,,,,,,,,,,,,,,,,
33,2017-10-27 12:04:54,3,4,4,1,4,Y,pl_b_16,adaptivity,F,29,6,1,1,2,1,6,A2,Soziologie,3,5,3,2,1,2,4,5,2,4,4,5,1,5,1,5,1,5,2,1,4,1,5,1,5,2,5,4,4,2,1,4,5,1,2,5,1,5,2,1,2,5,1,1,4,1,1,2,5,1,1,4,5,2,1,2,5,5,5,5,5,4,5,1,5,1,4,4,5,Kardio,Entspannung,Kraft,Dehnung,Taiji,5,5,5,5,5,4,4,4,5,5,5,4,4,3,,,,,,Y,,,Y,,,4,3,2,3,4,4,4,1,5,4,5,5,5,5,5,3,4,5,5,5,5,5,2,4,4,4,2,4,4,5,1,2,2,4,4,1,3,1,5,4,5,5,6,1,1,5,1,2,6,3,2,3,7,1,7,1,5,1,1,2,3,2,9,1,7,1,5,3,8,9,8,9,9,2,6,5,2,1,1,5,5,3,4,5,3,3,3,2,5,3,4,3,4,4,1,5,Y,bin aber erstmal im urlaub,3514.68,41.49,,2262.4,,219.19,,,,,,,,,82.12,,82.34,,114.71,,,,,31.94,,34.61,,43.71,,,117.5,,95.98,,12.23,,46.52,,91.22,,75.01,,103.06,,29.59,,31.06,,,,,,,,,,,,,,,,,,,,,,,,,,,,,,,,,,,,,,,,,,,,,,,,,,,,,,,,,,,,,,,,,,,,,,,,,,,,,,,,,,,,,,,,,,,,,,,,,,,,,,,,,,,,,,,,,,,,,,,,,,,,,,,,,,,,,,,,,,,,,,,,,,,,,,,,,,,,,,,,,,,,,,,,,,,,,,,,,,,,,,,,,,,,,,,,,,,,,,,,,,,,,,,,,,,,,,,,,,,,,,,,,,,,,,,,,,,,,,,,,,,,,,,,,,,,,,,,,,,,,,,,,,,,,,,,,,,,,,,,,,,,,,,,,,,,,,,,,,,,,,,,,,,,,,,,,,,,,,,,,,,,,,,,,,,,,,,,,,,,,,,,,,,,,,,,,,,,,,,,,,,,,,,,,,,,,,,,,,,,,,,,,,,,,,,,,,,,,,,,,,,,,,,,,,,,,,,,,,,,,,,,,,,,,,,,,,,,,,,,,,,,,,,,,,,,,,,,,,,,,,,,,,,,,,,,,,,,,,,,,,,,,,,,,,,,,,,,,,,,,,,,,,,,,,,,,,,,,,,,,,,,,,,,,,,,,,,,,,,,,,,,,,,,,,,,,,,,,,,,,,,,,,,,,,,,,,,,,,,,,,,,,,,,,,,,,,,,,,,,,,,,,,,,,,,,,,,,,,,,,,,,,,,,,,,,,,,,,,,,,,,,,,,,,,,,,,,,,,,,,,,,,,,,,,,,,,,,,,,,,,,,,,,,,,,,,,,,,,,,,,,,,,,,,,,,,,,,,,,,,,,,,,,,,,,,,,,,,,,,,,,,,,,,
35,2017-11-02 16:08:33,2,4,2,1,4,Y,pl_b_17,adaptivity,F,20,4,3,1,3,1,3,A2,,2,2,3,2,2,4,3,5,3,4,4,4,1,4,2,3,3,4,2,1,4,1,3,2,3,4,4,5,4,3,2,4,4,2,2,4,3,4,2,2,3,4,3,3,3,3,4,3,5,1,2,3,5,1,1,3,3,5,4,3,3,3,4,1,3,1,4,4,4,Kraft,Kardio,Entspannung,Dehnung,Taiji,5,5,3,4,4,3,3,2,5,3,4,4,5,5,,Y,Y,,Y,,,,Y,,,3,3,2,2,2,4,4,2,5,5,4,5,5,4,5,4,4,3,3,4,3,4,4,3,2,4,4,3,3,4,2,3,4,2,3,2,2,4,3,4,3,4,5,2,2,3,3,5,3,3,5,3,5,1,3,1,5,1,2,5,5,4,8,3,5,3,4,2,5,5,7,8,7,2,4,3,1,1,1,2,3,3,2,4,4,4,4,2,3,4,3,2,4,4,1,4,N,,3716.88,35.02,,2062.71,,418.97,,,,,,,,,102.39,,79.83,,151.36,,,,,48.03,,80.4,,59.91,,,132.55,,83.57,,13.88,,50.07,,80.59,,90.32,,132.6,,21.37,,73.31,,,,,,,,,,,,,,,,,,,,,,,,,,,,,,,,,,,,,,,,,,,,,,,,,,,,,,,,,,,,,,,,,,,,,,,,,,,,,,,,,,,,,,,,,,,,,,,,,,,,,,,,,,,,,,,,,,,,,,,,,,,,,,,,,,,,,,,,,,,,,,,,,,,,,,,,,,,,,,,,,,,,,,,,,,,,,,,,,,,,,,,,,,,,,,,,,,,,,,,,,,,,,,,,,,,,,,,,,,,,,,,,,,,,,,,,,,,,,,,,,,,,,,,,,,,,,,,,,,,,,,,,,,,,,,,,,,,,,,,,,,,,,,,,,,,,,,,,,,,,,,,,,,,,,,,,,,,,,,,,,,,,,,,,,,,,,,,,,,,,,,,,,,,,,,,,,,,,,,,,,,,,,,,,,,,,,,,,,,,,,,,,,,,,,,,,,,,,,,,,,,,,,,,,,,,,,,,,,,,,,,,,,,,,,,,,,,,,,,,,,,,,,,,,,,,,,,,,,,,,,,,,,,,,,,,,,,,,,,,,,,,,,,,,,,,,,,,,,,,,,,,,,,,,,,,,,,,,,,,,,,,,,,,,,,,,,,,,,,,,,,,,,,,,,,,,,,,,,,,,,,,,,,,,,,,,,,,,,,,,,,,,,,,,,,,,,,,,,,,,,,,,,,,,,,,,,,,,,,,,,,,,,,,,,,,,,,,,,,,,,,,,,,,,,,,,,,,,,,,,,,,,,,,,,,,,,,,,,,,,,,,,,,,,,,,,,,,,,,,,,,,,,,,,,,,,,,,,,,,,,,,,,,,,,,,,,,,,,,,,,,,,,,,,
37,2017-11-03 09:52:18,5,5,5,3,5,Y,pl_b_18,adaptivity,M,24,6,2,4,4,1,6,A2,Soziologie und Politikwissenschaft,2,2,2,2,2,1,1,3,2,4,3,5,1,5,1,5,1,5,2,3,4,4,3,2,4,4,5,5,5,1,1,4,4,2,3,3,3,3,2,2,3,5,3,3,3,2,3,1,4,2,2,4,3,2,1,5,3,4,4,2,2,3,1,1,1,2,4,1,3,Taiji,Entspannung,Dehnung,Kraft,Kardio,1,1,1,1,3,3,1,4,4,4,3,3,4,3,Y,,Y,,,Y,Y,Y,Y,,,3,1,1,3,3,4,3,3,4,3,5,5,5,5,5,3,3,3,3,3,5,5,3,3,1,2,5,5,5,1,1,1,1,1,3,1,1,5,5,3,3,4,7,7,7,1,1,1,1,7,5,1,1,7,1,7,1,4,5,1,1,1,1,1,1,1,1,1,9,1,5,9,5,1,1,1,1,1,1,1,2,1,1,1,3,1,2,1,4,3,4,5,5,5,3,5,Y,Marcweiss@posteo.de,2952.72,21.78,,1837.17,,463.87,,,,,,,,,68.17,,53.78,,80.76,,,,,24.69,,28.19,,33.87,,,57.51,,59.6,,11.12,,22.82,,48.96,,37.06,,75.39,,10.2,,17.78,,,,,,,,,,,,,,,,,,,,,,,,,,,,,,,,,,,,,,,,,,,,,,,,,,,,,,,,,,,,,,,,,,,,,,,,,,,,,,,,,,,,,,,,,,,,,,,,,,,,,,,,,,,,,,,,,,,,,,,,,,,,,,,,,,,,,,,,,,,,,,,,,,,,,,,,,,,,,,,,,,,,,,,,,,,,,,,,,,,,,,,,,,,,,,,,,,,,,,,,,,,,,,,,,,,,,,,,,,,,,,,,,,,,,,,,,,,,,,,,,,,,,,,,,,,,,,,,,,,,,,,,,,,,,,,,,,,,,,,,,,,,,,,,,,,,,,,,,,,,,,,,,,,,,,,,,,,,,,,,,,,,,,,,,,,,,,,,,,,,,,,,,,,,,,,,,,,,,,,,,,,,,,,,,,,,,,,,,,,,,,,,,,,,,,,,,,,,,,,,,,,,,,,,,,,,,,,,,,,,,,,,,,,,,,,,,,,,,,,,,,,,,,,,,,,,,,,,,,,,,,,,,,,,,,,,,,,,,,,,,,,,,,,,,,,,,,,,,,,,,,,,,,,,,,,,,,,,,,,,,,,,,,,,,,,,,,,,,,,,,,,,,,,,,,,,,,,,,,,,,,,,,,,,,,,,,,,,,,,,,,,,,,,,,,,,,,,,,,,,,,,,,,,,,,,,,,,,,,,,,,,,,,,,,,,,,,,,,,,,,,,,,,,,,,,,,,,,,,,,,,,,,,,,,,,,,,,,,,,,,,,,,,,,,,,,,,,,,,,,,,,,,,,,,,,,,,,,,,,,,,,,,,,,,,,,,,,,,,,,,,,,,,,,
39,2017-11-07 17:12:04,3,2,3,2,1,Y,pl_b_19,adaptivity,F,36,3,1,1,1,2,2,A5,Angestellt und Freiberufler,4,4,5,4,4,4,2,4,1,2,2,2,2,5,1,5,1,5,4,1,5,1,5,1,3,2,5,4,3,3,2,3,4,4,2,4,4,4,2,1,1,5,1,1,4,4,5,1,5,1,1,4,5,1,1,2,4,4,4,4,4,4,4,2,3,1,5,5,5,Dehnung,Taiji,Kraft,Entspannung,Kardio,5,5,4,4,5,5,1,5,5,5,5,5,5,5,,,,,,,,,Y,,,3,5,2,1,3,4,4,3,4,4,5,5,5,5,5,5,5,5,5,5,5,5,3,5,2,3,5,4,3,3,2,5,1,1,1,1,3,3,5,3,5,5,6,5,2,2,4,5,4,5,6,7,7,3,7,1,7,1,7,7,7,7,9,1,9,1,7,1,9,9,9,9,7,1,1,1,1,1,1,4,4,3,5,5,5,4,5,5,4,5,5,4,2,4,3,2,N,,3637.55,27.09,,2514.25,,230.71,,,,,,,,,81.23,,79.75,,87.88,,,,,22.91,,23.94,,35.9,,,70.94,,100.55,,12.17,,46.98,,69.7,,67.06,,69.35,,15.58,,81.56,,,,,,,,,,,,,,,,,,,,,,,,,,,,,,,,,,,,,,,,,,,,,,,,,,,,,,,,,,,,,,,,,,,,,,,,,,,,,,,,,,,,,,,,,,,,,,,,,,,,,,,,,,,,,,,,,,,,,,,,,,,,,,,,,,,,,,,,,,,,,,,,,,,,,,,,,,,,,,,,,,,,,,,,,,,,,,,,,,,,,,,,,,,,,,,,,,,,,,,,,,,,,,,,,,,,,,,,,,,,,,,,,,,,,,,,,,,,,,,,,,,,,,,,,,,,,,,,,,,,,,,,,,,,,,,,,,,,,,,,,,,,,,,,,,,,,,,,,,,,,,,,,,,,,,,,,,,,,,,,,,,,,,,,,,,,,,,,,,,,,,,,,,,,,,,,,,,,,,,,,,,,,,,,,,,,,,,,,,,,,,,,,,,,,,,,,,,,,,,,,,,,,,,,,,,,,,,,,,,,,,,,,,,,,,,,,,,,,,,,,,,,,,,,,,,,,,,,,,,,,,,,,,,,,,,,,,,,,,,,,,,,,,,,,,,,,,,,,,,,,,,,,,,,,,,,,,,,,,,,,,,,,,,,,,,,,,,,,,,,,,,,,,,,,,,,,,,,,,,,,,,,,,,,,,,,,,,,,,,,,,,,,,,,,,,,,,,,,,,,,,,,,,,,,,,,,,,,,,,,,,,,,,,,,,,,,,,,,,,,,,,,,,,,,,,,,,,,,,,,,,,,,,,,,,,,,,,,,,,,,,,,,,,,,,,,,,,,,,,,,,,,,,,,,,,,,,,,,,,,,,,,,,,,,,,,,,,,,,,,,,,,,,,,
12,2017-10-11 12:18:46,2,3,3,1,3,,pl_b_2,adaptivity,F,21,3,3,1,1,1,4,A2,Soziale Arbeit,2,4,3,2,3,2,3,4,4,2,3,3,1,5,1,5,1,4,2,1,1,1,5,2,4,4,4,4,3,1,2,3,4,3,3,4,2,4,2,2,2,5,2,1,3,2,4,2,4,1,3,2,5,2,2,4,3,4,4,2,4,4,3,2,4,2,4,5,5,Entspannung,Dehnung,Taiji,Kardio,Kraft,4,4,4,4,4,3,1,4,4,4,5,3,3,4,Y,,,,Y,,Y,,Y,,,4,3,4,3,3,4,4,2,4,3,5,5,5,5,5,4,3,5,4,5,5,5,3,4,2,4,2,2,2,5,3,4,3,3,2,3,3,2,4,4,4,6,5,1,1,3,6,1,6,1,7,7,7,7,7,6,7,3,4,7,6,7,8,2,4,1,5,6,6,6,8,6,5,2,8,1,1,5,1,3,3,2,3,2,3,2,2,2,2,3,2,2,3,3,1,4,N,,4112.8,54.03,,2511.46,,434.85,,,,,,,,,115.94,,84.56,,184.42,,,,,35.1,,50.04,,53.72,,,92.21,,111.87,,14.24,,48.97,,116.8,,77.04,,93.63,,19.18,,14.74,,,,,,,,,,,,,,,,,,,,,,,,,,,,,,,,,,,,,,,,,,,,,,,,,,,,,,,,,,,,,,,,,,,,,,,,,,,,,,,,,,,,,,,,,,,,,,,,,,,,,,,,,,,,,,,,,,,,,,,,,,,,,,,,,,,,,,,,,,,,,,,,,,,,,,,,,,,,,,,,,,,,,,,,,,,,,,,,,,,,,,,,,,,,,,,,,,,,,,,,,,,,,,,,,,,,,,,,,,,,,,,,,,,,,,,,,,,,,,,,,,,,,,,,,,,,,,,,,,,,,,,,,,,,,,,,,,,,,,,,,,,,,,,,,,,,,,,,,,,,,,,,,,,,,,,,,,,,,,,,,,,,,,,,,,,,,,,,,,,,,,,,,,,,,,,,,,,,,,,,,,,,,,,,,,,,,,,,,,,,,,,,,,,,,,,,,,,,,,,,,,,,,,,,,,,,,,,,,,,,,,,,,,,,,,,,,,,,,,,,,,,,,,,,,,,,,,,,,,,,,,,,,,,,,,,,,,,,,,,,,,,,,,,,,,,,,,,,,,,,,,,,,,,,,,,,,,,,,,,,,,,,,,,,,,,,,,,,,,,,,,,,,,,,,,,,,,,,,,,,,,,,,,,,,,,,,,,,,,,,,,,,,,,,,,,,,,,,,,,,,,,,,,,,,,,,,,,,,,,,,,,,,,,,,,,,,,,,,,,,,,,,,,,,,,,,,,,,,,,,,,,,,,,,,,,,,,,,,,,,,,,,,,,,,,,,,,,,,,,,,,,,,,,,,,,,,,,,,,,,,,,,,,,,,,,,,,,,,,,,,,,,,,,,
42,2017-11-08 18:43:32,1,4,5,1,1,Y,pl_b_20,adaptivity,M,31,5,2,1,1,1,5,A1,Verwaltungsfachangestellter,3,2,1,2,2,1,3,5,3,3,4,5,1,5,4,5,1,5,1,1,1,4,5,1,4,4,5,5,4,1,1,4,4,2,3,4,3,4,2,2,2,5,3,2,3,2,2,5,4,1,2,2,4,4,2,5,5,4,4,4,4,5,4,1,3,2,4,4,4,Kraft,Taiji,Entspannung,Dehnung,Kardio,5,5,5,5,5,3,3,2,1,2,2,1,1,1,,Y,,,Y,Y,Y,,Y,,,4,2,2,1,2,2,2,2,4,3,5,5,5,4,5,3,3,3,3,3,5,5,3,4,2,3,1,2,2,3,3,4,2,2,1,1,1,3,1,5,1,7,5,1,1,7,1,1,7,1,7,7,7,3,7,7,7,1,7,7,7,7,7,1,7,1,1,1,5,1,5,2,4,1,3,1,1,1,1,1,2,1,1,3,4,1,2,1,1,2,1,1,5,5,1,1,N,,5233.72,32.13,,3040.32,,586.38,,,,,,,,,173.48,,117.28,,290.48,,,,,32.94,,161.3,,48.18,,,144.1,,194.74,,17.56,,50.33,,106.66,,70.56,,136.42,,17.81,,13.05,,,,,,,,,,,,,,,,,,,,,,,,,,,,,,,,,,,,,,,,,,,,,,,,,,,,,,,,,,,,,,,,,,,,,,,,,,,,,,,,,,,,,,,,,,,,,,,,,,,,,,,,,,,,,,,,,,,,,,,,,,,,,,,,,,,,,,,,,,,,,,,,,,,,,,,,,,,,,,,,,,,,,,,,,,,,,,,,,,,,,,,,,,,,,,,,,,,,,,,,,,,,,,,,,,,,,,,,,,,,,,,,,,,,,,,,,,,,,,,,,,,,,,,,,,,,,,,,,,,,,,,,,,,,,,,,,,,,,,,,,,,,,,,,,,,,,,,,,,,,,,,,,,,,,,,,,,,,,,,,,,,,,,,,,,,,,,,,,,,,,,,,,,,,,,,,,,,,,,,,,,,,,,,,,,,,,,,,,,,,,,,,,,,,,,,,,,,,,,,,,,,,,,,,,,,,,,,,,,,,,,,,,,,,,,,,,,,,,,,,,,,,,,,,,,,,,,,,,,,,,,,,,,,,,,,,,,,,,,,,,,,,,,,,,,,,,,,,,,,,,,,,,,,,,,,,,,,,,,,,,,,,,,,,,,,,,,,,,,,,,,,,,,,,,,,,,,,,,,,,,,,,,,,,,,,,,,,,,,,,,,,,,,,,,,,,,,,,,,,,,,,,,,,,,,,,,,,,,,,,,,,,,,,,,,,,,,,,,,,,,,,,,,,,,,,,,,,,,,,,,,,,,,,,,,,,,,,,,,,,,,,,,,,,,,,,,,,,,,,,,,,,,,,,,,,,,,,,,,,,,,,,,,,,,,,,,,,,,,,,,,,,,,,,
13,2017-10-11 13:31:11,1,2,3,1,2,Y,pl_b_3,adaptivity,F,21,6,2,1,1,3,4,A2,Anglistik/Informatik,2,4,2,3,3,2,3,3,3,3,3,4,2,2,3,4,3,3,1,2,2,1,4,1,4,3,4,3,3,1,3,4,3,3,4,3,4,3,3,3,4,3,3,3,2,3,4,4,3,4,3,2,2,4,3,4,3,2,2,2,2,2,2,4,3,3,3,3,3,Entspannung,Dehnung,Kraft,Kardio,Taiji,2,3,3,3,3,3,3,4,5,5,1,1,1,3,,,,,,,Y,,,,,5,3,2,1,1,2,2,1,4,3,5,5,5,5,5,3,3,3,3,3,4,4,3,3,1,3,2,3,3,2,1,1,2,2,2,1,2,3,3,4,2,3,5,4,1,1,5,1,3,1,4,6,4,1,7,1,5,5,5,4,4,3,7,5,6,2,5,3,8,6,8,7,9,2,1,2,1,1,1,3,1,4,4,5,2,5,4,3,2,1,2,1,4,4,1,4,Y,reeha17@yahoo.de,2747.03,16.76,,39.34,,2026.26,,,,,,,,,62.44,,91.62,,76.54,,,,,20.37,,23.6,,42.86,,,49.47,,70.9,,12.17,,23.3,,59.15,,43.61,,56.03,,10.07,,22.54,,,,,,,,,,,,,,,,,,,,,,,,,,,,,,,,,,,,,,,,,,,,,,,,,,,,,,,,,,,,,,,,,,,,,,,,,,,,,,,,,,,,,,,,,,,,,,,,,,,,,,,,,,,,,,,,,,,,,,,,,,,,,,,,,,,,,,,,,,,,,,,,,,,,,,,,,,,,,,,,,,,,,,,,,,,,,,,,,,,,,,,,,,,,,,,,,,,,,,,,,,,,,,,,,,,,,,,,,,,,,,,,,,,,,,,,,,,,,,,,,,,,,,,,,,,,,,,,,,,,,,,,,,,,,,,,,,,,,,,,,,,,,,,,,,,,,,,,,,,,,,,,,,,,,,,,,,,,,,,,,,,,,,,,,,,,,,,,,,,,,,,,,,,,,,,,,,,,,,,,,,,,,,,,,,,,,,,,,,,,,,,,,,,,,,,,,,,,,,,,,,,,,,,,,,,,,,,,,,,,,,,,,,,,,,,,,,,,,,,,,,,,,,,,,,,,,,,,,,,,,,,,,,,,,,,,,,,,,,,,,,,,,,,,,,,,,,,,,,,,,,,,,,,,,,,,,,,,,,,,,,,,,,,,,,,,,,,,,,,,,,,,,,,,,,,,,,,,,,,,,,,,,,,,,,,,,,,,,,,,,,,,,,,,,,,,,,,,,,,,,,,,,,,,,,,,,,,,,,,,,,,,,,,,,,,,,,,,,,,,,,,,,,,,,,,,,,,,,,,,,,,,,,,,,,,,,,,,,,,,,,,,,,,,,,,,,,,,,,,,,,,,,,,,,,,,,,,,,,,,,,,,,,,,,,,,,,,,,,,,,,,,,,,,
14,2017-10-12 17:52:02,2,4,4,1,4,Y,pl_b_4,adaptivity,F,20,3,2,2,1,2,5,A2,Grundschullehramt ISP Sport,3,2,2,2,2,3,4,4,2,3,4,4,2,4,2,2,2,3,2,2,1,2,4,2,4,1,4,4,3,3,1,4,4,3,4,5,2,4,2,2,2,4,3,1,3,2,5,3,4,2,2,4,3,1,1,2,4,5,4,4,4,4,3,3,4,4,3,3,3,Kardio,Kraft,Dehnung,Entspannung,Taiji,5,5,5,5,5,5,1,5,2,5,1,4,4,4,Y,,Y,,Y,,Y,Y,Y,,,1,1,1,1,2,2,3,1,2,5,5,5,5,5,5,4,1,3,3,4,3,3,3,4,2,3,4,1,1,4,3,1,3,1,4,1,3,3,5,3,3,6,6,4,1,1,7,4,7,3,7,2,1,7,1,7,1,6,1,2,2,4,2,1,3,1,1,1,3,3,4,9,1,2,1,1,1,1,1,1,1,2,1,3,1,2,1,1,1,1,2,2,4,3,1,4,N,,2834.84,20.4,,2003.54,,225.63,,,,,,,,,53.77,,47.01,,93.75,,,,,17.51,,21.1,,28,,,57.98,,67.04,,10.65,,27.59,,45.8,,31.16,,55.73,,14.99,,13.19,,,,,,,,,,,,,,,,,,,,,,,,,,,,,,,,,,,,,,,,,,,,,,,,,,,,,,,,,,,,,,,,,,,,,,,,,,,,,,,,,,,,,,,,,,,,,,,,,,,,,,,,,,,,,,,,,,,,,,,,,,,,,,,,,,,,,,,,,,,,,,,,,,,,,,,,,,,,,,,,,,,,,,,,,,,,,,,,,,,,,,,,,,,,,,,,,,,,,,,,,,,,,,,,,,,,,,,,,,,,,,,,,,,,,,,,,,,,,,,,,,,,,,,,,,,,,,,,,,,,,,,,,,,,,,,,,,,,,,,,,,,,,,,,,,,,,,,,,,,,,,,,,,,,,,,,,,,,,,,,,,,,,,,,,,,,,,,,,,,,,,,,,,,,,,,,,,,,,,,,,,,,,,,,,,,,,,,,,,,,,,,,,,,,,,,,,,,,,,,,,,,,,,,,,,,,,,,,,,,,,,,,,,,,,,,,,,,,,,,,,,,,,,,,,,,,,,,,,,,,,,,,,,,,,,,,,,,,,,,,,,,,,,,,,,,,,,,,,,,,,,,,,,,,,,,,,,,,,,,,,,,,,,,,,,,,,,,,,,,,,,,,,,,,,,,,,,,,,,,,,,,,,,,,,,,,,,,,,,,,,,,,,,,,,,,,,,,,,,,,,,,,,,,,,,,,,,,,,,,,,,,,,,,,,,,,,,,,,,,,,,,,,,,,,,,,,,,,,,,,,,,,,,,,,,,,,,,,,,,,,,,,,,,,,,,,,,,,,,,,,,,,,,,,,,,,,,,,,,,,,,,,,,,,,,,,,,,,,,,,,,,,,,,,
15,2017-10-17 09:04:37,2,5,5,2,5,Y,pl_b_5,adaptivity,F,22,5,2,1,1,1,5,A2,Sportwissenschaften,2,2,2,2,2,2,4,5,2,4,5,5,3,4,2,3,3,3,1,1,1,1,5,1,4,3,5,4,4,2,2,3,4,2,3,4,2,4,2,2,2,4,2,2,4,2,4,4,4,2,2,3,4,2,2,5,4,3,2,2,4,3,3,2,4,2,4,4,4,Kraft,Kardio,Dehnung,Entspannung,Taiji,4,4,4,4,4,3,3,3,4,4,2,3,4,4,Y,,,,,,Y,,,,,2,3,3,1,2,2,2,1,2,2,4,4,4,4,4,3,3,3,4,4,4,4,3,3,4,3,3,4,4,3,3,3,1,2,3,3,3,3,4,2,2,5,5,1,1,5,6,1,7,2,5,5,6,2,7,2,5,5,6,3,6,7,3,1,2,1,1,1,4,4,3,3,4,2,3,3,5,2,1,2,1,2,2,1,2,1,2,1,2,2,2,2,5,5,2,5,N,,3482.78,26.69,,42.24,,2522.45,,,,,,,,,104.82,,77.7,,152.67,,,,,28.79,,26.55,,39.7,,,67.79,,82.3,,15.53,,26.36,,73.5,,80.09,,88.81,,15.41,,11.38,,,,,,,,,,,,,,,,,,,,,,,,,,,,,,,,,,,,,,,,,,,,,,,,,,,,,,,,,,,,,,,,,,,,,,,,,,,,,,,,,,,,,,,,,,,,,,,,,,,,,,,,,,,,,,,,,,,,,,,,,,,,,,,,,,,,,,,,,,,,,,,,,,,,,,,,,,,,,,,,,,,,,,,,,,,,,,,,,,,,,,,,,,,,,,,,,,,,,,,,,,,,,,,,,,,,,,,,,,,,,,,,,,,,,,,,,,,,,,,,,,,,,,,,,,,,,,,,,,,,,,,,,,,,,,,,,,,,,,,,,,,,,,,,,,,,,,,,,,,,,,,,,,,,,,,,,,,,,,,,,,,,,,,,,,,,,,,,,,,,,,,,,,,,,,,,,,,,,,,,,,,,,,,,,,,,,,,,,,,,,,,,,,,,,,,,,,,,,,,,,,,,,,,,,,,,,,,,,,,,,,,,,,,,,,,,,,,,,,,,,,,,,,,,,,,,,,,,,,,,,,,,,,,,,,,,,,,,,,,,,,,,,,,,,,,,,,,,,,,,,,,,,,,,,,,,,,,,,,,,,,,,,,,,,,,,,,,,,,,,,,,,,,,,,,,,,,,,,,,,,,,,,,,,,,,,,,,,,,,,,,,,,,,,,,,,,,,,,,,,,,,,,,,,,,,,,,,,,,,,,,,,,,,,,,,,,,,,,,,,,,,,,,,,,,,,,,,,,,,,,,,,,,,,,,,,,,,,,,,,,,,,,,,,,,,,,,,,,,,,,,,,,,,,,,,,,,,,,,,,,,,,,,,,,,,,,,,,,,,,,,,,,,,,
16,2017-10-17 10:45:40,5,3,5,2,3,Y,pl_b_6,adaptivity,M,32,6,4,4,1,4,4,A2,Sportwissenschaft,1,2,1,1,1,1,4,5,5,5,5,4,1,5,1,5,1,5,2,1,3,1,5,1,4,4,5,5,4,1,1,5,5,1,1,5,1,5,1,1,1,5,1,1,5,1,2,1,5,1,2,4,5,1,1,5,4,5,5,5,5,5,5,1,5,1,5,5,4,Dehnung,Entspannung,Kraft,Taiji,Kardio,5,5,5,5,5,4,3,5,4,4,4,3,1,1,,,Y,,Y,,,,,,,3,3,3,4,4,3,4,3,4,5,5,5,5,5,5,5,3,4,4,5,5,5,3,5,2,5,2,4,3,3,4,1,2,2,5,3,3,2,4,3,4,7,5,2,1,6,6,2,7,1,2,5,7,2,7,2,7,4,5,2,6,6,8,7,8,7,6,8,8,5,8,7,8,1,2,1,1,1,1,4,4,1,2,3,3,2,3,1,3,4,2,5,4,5,2,3,N,,4057.68,34.66,,1875.91,,491.21,,,,,,,,,153.89,,124.4,,236.11,,,,,59.33,,57.82,,77.44,,,120.63,,154.82,,34.54,,80.98,,178.99,,96.75,,186.08,,53.44,,40.68,,,,,,,,,,,,,,,,,,,,,,,,,,,,,,,,,,,,,,,,,,,,,,,,,,,,,,,,,,,,,,,,,,,,,,,,,,,,,,,,,,,,,,,,,,,,,,,,,,,,,,,,,,,,,,,,,,,,,,,,,,,,,,,,,,,,,,,,,,,,,,,,,,,,,,,,,,,,,,,,,,,,,,,,,,,,,,,,,,,,,,,,,,,,,,,,,,,,,,,,,,,,,,,,,,,,,,,,,,,,,,,,,,,,,,,,,,,,,,,,,,,,,,,,,,,,,,,,,,,,,,,,,,,,,,,,,,,,,,,,,,,,,,,,,,,,,,,,,,,,,,,,,,,,,,,,,,,,,,,,,,,,,,,,,,,,,,,,,,,,,,,,,,,,,,,,,,,,,,,,,,,,,,,,,,,,,,,,,,,,,,,,,,,,,,,,,,,,,,,,,,,,,,,,,,,,,,,,,,,,,,,,,,,,,,,,,,,,,,,,,,,,,,,,,,,,,,,,,,,,,,,,,,,,,,,,,,,,,,,,,,,,,,,,,,,,,,,,,,,,,,,,,,,,,,,,,,,,,,,,,,,,,,,,,,,,,,,,,,,,,,,,,,,,,,,,,,,,,,,,,,,,,,,,,,,,,,,,,,,,,,,,,,,,,,,,,,,,,,,,,,,,,,,,,,,,,,,,,,,,,,,,,,,,,,,,,,,,,,,,,,,,,,,,,,,,,,,,,,,,,,,,,,,,,,,,,,,,,,,,,,,,,,,,,,,,,,,,,,,,,,,,,,,,,,,,,,,,,,,,,,,,,,,,,,,,,,,,,,,,,,,,,,,,
17,2017-10-18 12:32:57,1,4,3,1,3,Y,pl_b_7,adaptivity,M,24,5,3,1,1,3,4,A2,Medienwissenschaften,2,3,2,3,2,2,4,4,2,3,5,5,1,5,3,3,1,5,1,1,3,1,5,3,4,4,5,5,4,1,2,5,4,3,3,4,3,4,2,1,2,4,3,2,3,2,2,5,5,2,3,4,5,2,3,4,2,2,3,4,3,3,2,2,4,2,3,3,4,Kraft,Taiji,Dehnung,Entspannung,Kardio,4,3,4,4,5,5,2,5,5,4,4,2,1,1,,,Y,,,,Y,,Y,,Motivator,4,4,3,4,4,4,4,1,4,3,5,5,5,4,4,3,3,3,3,4,4,5,3,5,1,5,4,4,4,3,1,2,4,1,4,3,3,2,4,3,4,1,6,4,1,3,5,1,4,4,3,6,7,4,7,2,7,1,3,2,5,3,8,6,7,2,7,7,7,8,9,7,6,1,2,3,1,1,1,2,2,4,4,4,3,4,3,2,1,4,2,2,4,3,2,3,N,,4276.49,23.48,,27.57,,2964.48,,,,,,,,,136.98,,135.82,,186.14,,,,,43.32,,42.67,,63.71,,,117.6,,133.59,,25.98,,46.4,,105.01,,74.84,,104.11,,27.37,,17.42,,,,,,,,,,,,,,,,,,,,,,,,,,,,,,,,,,,,,,,,,,,,,,,,,,,,,,,,,,,,,,,,,,,,,,,,,,,,,,,,,,,,,,,,,,,,,,,,,,,,,,,,,,,,,,,,,,,,,,,,,,,,,,,,,,,,,,,,,,,,,,,,,,,,,,,,,,,,,,,,,,,,,,,,,,,,,,,,,,,,,,,,,,,,,,,,,,,,,,,,,,,,,,,,,,,,,,,,,,,,,,,,,,,,,,,,,,,,,,,,,,,,,,,,,,,,,,,,,,,,,,,,,,,,,,,,,,,,,,,,,,,,,,,,,,,,,,,,,,,,,,,,,,,,,,,,,,,,,,,,,,,,,,,,,,,,,,,,,,,,,,,,,,,,,,,,,,,,,,,,,,,,,,,,,,,,,,,,,,,,,,,,,,,,,,,,,,,,,,,,,,,,,,,,,,,,,,,,,,,,,,,,,,,,,,,,,,,,,,,,,,,,,,,,,,,,,,,,,,,,,,,,,,,,,,,,,,,,,,,,,,,,,,,,,,,,,,,,,,,,,,,,,,,,,,,,,,,,,,,,,,,,,,,,,,,,,,,,,,,,,,,,,,,,,,,,,,,,,,,,,,,,,,,,,,,,,,,,,,,,,,,,,,,,,,,,,,,,,,,,,,,,,,,,,,,,,,,,,,,,,,,,,,,,,,,,,,,,,,,,,,,,,,,,,,,,,,,,,,,,,,,,,,,,,,,,,,,,,,,,,,,,,,,,,,,,,,,,,,,,,,,,,,,,,,,,,,,,,,,,,,,,,,,,,,,,,,,,,,,,,,,,,,,,
18,2017-10-18 19:20:03,1,3,2,1,2,Y,pl_b_8,adaptivity,F,26,6,5,1,2,1,4,A2,Molekulare Biotechnologie,3,2,2,2,2,2,5,4,4,5,4,5,3,3,3,3,2,3,2,2,3,1,4,2,4,3,5,4,4,2,2,4,4,3,2,3,3,4,3,2,2,4,3,2,3,2,3,4,3,2,2,3,4,2,3,3,3,1,1,1,4,3,3,2,4,2,4,4,4,Kraft,Kardio,Dehnung,Entspannung,Taiji,4,4,4,4,4,4,3,4,4,4,2,2,2,4,Y,Y,Y,,Y,,Y,,,,,2,3,3,1,3,4,4,2,2,4,4,5,5,4,5,3,4,3,5,4,4,3,3,3,2,3,5,2,2,2,1,1,1,1,2,1,1,4,4,4,4,7,6,2,1,6,6,1,5,3,4,3,6,1,6,2,5,5,2,3,5,3,8,4,6,2,4,5,8,7,8,8,9,2,2,2,4,1,1,1,1,4,5,4,3,5,2,2,1,3,3,1,3,2,1,2,Y,bin erstmal weg,4642.13,34,,2752.66,,452.23,,,,,,,,,115.59,,165.25,,143.59,,,,,64.19,,46.25,,78.1,,,97.42,,149.21,,18.4,,49.99,,208.46,,109.91,,102.46,,19.33,,35.09,,,,,,,,,,,,,,,,,,,,,,,,,,,,,,,,,,,,,,,,,,,,,,,,,,,,,,,,,,,,,,,,,,,,,,,,,,,,,,,,,,,,,,,,,,,,,,,,,,,,,,,,,,,,,,,,,,,,,,,,,,,,,,,,,,,,,,,,,,,,,,,,,,,,,,,,,,,,,,,,,,,,,,,,,,,,,,,,,,,,,,,,,,,,,,,,,,,,,,,,,,,,,,,,,,,,,,,,,,,,,,,,,,,,,,,,,,,,,,,,,,,,,,,,,,,,,,,,,,,,,,,,,,,,,,,,,,,,,,,,,,,,,,,,,,,,,,,,,,,,,,,,,,,,,,,,,,,,,,,,,,,,,,,,,,,,,,,,,,,,,,,,,,,,,,,,,,,,,,,,,,,,,,,,,,,,,,,,,,,,,,,,,,,,,,,,,,,,,,,,,,,,,,,,,,,,,,,,,,,,,,,,,,,,,,,,,,,,,,,,,,,,,,,,,,,,,,,,,,,,,,,,,,,,,,,,,,,,,,,,,,,,,,,,,,,,,,,,,,,,,,,,,,,,,,,,,,,,,,,,,,,,,,,,,,,,,,,,,,,,,,,,,,,,,,,,,,,,,,,,,,,,,,,,,,,,,,,,,,,,,,,,,,,,,,,,,,,,,,,,,,,,,,,,,,,,,,,,,,,,,,,,,,,,,,,,,,,,,,,,,,,,,,,,,,,,,,,,,,,,,,,,,,,,,,,,,,,,,,,,,,,,,,,,,,,,,,,,,,,,,,,,,,,,,,,,,,,,,,,,,,,,,,,,,,,,,,,,,,,,,,,,,,,,
19,2017-10-19 15:08:20,2,3,5,1,4,Y,pl_b_9,adaptivity,F,27,6,2,4,1,3,4,A2,,4,1,1,4,4,2,2,4,2,1,4,5,2,4,5,5,1,4,4,1,5,4,2,1,5,1,5,5,1,4,2,5,5,1,2,4,4,5,2,2,2,5,2,1,4,2,5,2,5,1,2,5,5,1,1,5,5,5,5,4,2,2,1,4,1,4,2,2,2,Kardio,Kraft,Taiji,Dehnung,Entspannung,5,5,5,5,4,4,4,5,4,4,4,4,4,5,,,Y,,,Y,Y,Y,Y,,,1,1,1,1,1,5,5,1,5,4,5,5,5,5,5,5,5,4,5,5,5,5,3,4,1,2,5,5,5,1,1,1,1,1,4,1,1,5,5,5,5,7,6,5,1,6,5,5,7,5,7,1,7,1,7,3,7,3,1,2,5,3,6,3,8,1,7,6,9,6,9,9,9,1,1,1,1,1,1,5,5,5,5,5,2,5,2,5,5,2,5,2,3,5,1,4,Y,anna.labudka@gmail.com,3648.95,50.73,,2064.98,,363.56,,,,,,,,,120.42,,83.02,,194.3,,,,,35.63,,41.3,,55.56,,,88.7,,89.7,,27.76,,71.68,,110.56,,103.8,,81.49,,32.19,,33.57,,,,,,,,,,,,,,,,,,,,,,,,,,,,,,,,,,,,,,,,,,,,,,,,,,,,,,,,,,,,,,,,,,,,,,,,,,,,,,,,,,,,,,,,,,,,,,,,,,,,,,,,,,,,,,,,,,,,,,,,,,,,,,,,,,,,,,,,,,,,,,,,,,,,,,,,,,,,,,,,,,,,,,,,,,,,,,,,,,,,,,,,,,,,,,,,,,,,,,,,,,,,,,,,,,,,,,,,,,,,,,,,,,,,,,,,,,,,,,,,,,,,,,,,,,,,,,,,,,,,,,,,,,,,,,,,,,,,,,,,,,,,,,,,,,,,,,,,,,,,,,,,,,,,,,,,,,,,,,,,,,,,,,,,,,,,,,,,,,,,,,,,,,,,,,,,,,,,,,,,,,,,,,,,,,,,,,,,,,,,,,,,,,,,,,,,,,,,,,,,,,,,,,,,,,,,,,,,,,,,,,,,,,,,,,,,,,,,,,,,,,,,,,,,,,,,,,,,,,,,,,,,,,,,,,,,,,,,,,,,,,,,,,,,,,,,,,,,,,,,,,,,,,,,,,,,,,,,,,,,,,,,,,,,,,,,,,,,,,,,,,,,,,,,,,,,,,,,,,,,,,,,,,,,,,,,,,,,,,,,,,,,,,,,,,,,,,,,,,,,,,,,,,,,,,,,,,,,,,,,,,,,,,,,,,,,,,,,,,,,,,,,,,,,,,,,,,,,,,,,,,,,,,,,,,,,,,,,,,,,,,,,,,,,,,,,,,,,,,,,,,,,,,,,,,,,,,,,,,,,,,,,,,,,,,,,,,,,,,,,,,,,,,,,
